Year,Rk,Gcar,Gtm,Date,Tm,,Opp,Rslt,Inngs,PA,AB,R,H,2B,3B,HR,RBI,BB,IBB,SO,HBP,SH,SF,ROE,GDP,SB,CS,BA,OBP,SLG,OPS,BOP,aLI,WPA,acLI,cWPA,RE24,DFS(DK),DFS(FD),Pos
2018,1,1,1,29-Mar,LAA,@,OAK,"L,5-6",CG(11),5,5,0,1,0,0,0,0,0,0,1,0,0,0,0,0,0,0,0.2,0.2,0.2,0.4,8,1.1,-0.102,1.19,-0.07%,-0.44,,,DH
2018,2,2,6 (4),3-Apr,LAA,,CLE,"W,13-2",CG,4,4,2,3,0,0,1,3,0,0,1,0,0,0,0,0,0,0,0.444,0.444,0.778,1.222,8,0.45,0.195,0.46,0.12%,2.54,,,DH
2018,3,3,7,4-Apr,LAA,,CLE,"W,3-2",CG(13),5,5,1,2,0,0,1,2,0,0,1,0,0,0,0,0,0,0,0.429,0.429,0.857,1.286,8,1.61,0.22,1.66,0.14%,1.59,,,DH
2018,4,4,8,6-Apr,LAA,,OAK,"W,13-9",CG,5,4,1,1,0,0,1,2,1,0,1,0,0,0,0,0,0,0,0.389,0.421,0.889,1.31,8,1.78,0.005,2.02,0.00%,0.87,,,DH
2018,5,5,12 (3),10-Apr,LAA,@,TEX,"W,11-1",9-Sep,1,1,0,0,0,0,0,0,0,0,0,0,0,0,0,0,0,0,0.368,0.4,0.842,1.242,1,0,0,0,0.00%,-0.12,,,PH
2018,6,6,13,11-Apr,LAA,@,TEX,"W,7-2",CG,4,3,0,1,0,0,0,1,1,0,1,0,0,0,0,0,0,0,0.364,0.417,0.773,1.189,8,0.71,0.041,0.87,0.03%,0.18,,,DH
2018,7,7,14,12-Apr,LAA,@,KCR,"W,7-1",CG,5,4,0,1,0,1,0,3,1,1,1,0,0,0,0,0,0,0,0.346,0.414,0.769,1.183,8,0.75,0.056,0.87,0.04%,2.06,,,DH
2018,8,8,15,13-Apr,LAA,@,KCR,"W,5-4",CG,4,4,1,2,1,0,0,0,0,0,1,0,0,0,0,0,0,0,0.367,0.424,0.767,1.191,7,1.81,0.106,2.2,0.08%,0.46,,,DH
2018,9,9,19 (3),19-Apr,LAA,,BOS,"L,2-8",CG,4,4,0,0,0,0,0,0,0,0,3,0,0,0,0,0,0,0,0.324,0.378,0.676,1.055,6,0.97,-0.082,1.17,-0.06%,-1.13,,,DH
2018,10,10,20,20-Apr,LAA,,SFG,"L,1-8",CG,4,4,0,2,0,0,0,0,0,0,0,0,0,0,0,0,0,0,0.342,0.39,0.658,1.048,6,0.28,0,0.31,0.00%,0.3,,,DH
2018,11,11,22 (1),22-Apr,LAA,,SFG,"L,2-4",CG,4,4,0,1,0,0,0,0,0,0,2,0,0,0,0,0,0,0,0.333,0.378,0.619,0.997,4,1.1,-0.003,1.23,0.00%,0.11,,,DH
2018,12,12,26 (3),27-Apr,LAA,,NYY,"L,3-4",GS-7,2,2,1,1,0,0,1,1,0,0,0,0,0,0,0,0,0,0,0.341,0.383,0.682,1.065,5,0.92,0.08,1.11,0.06%,0.76,,,DH
2018,13,13,29 (2),1-May,LAA,,BAL,"W,3-2",CG,4,4,0,1,1,0,0,0,0,0,0,0,0,0,0,0,0,0,0.333,0.373,0.667,1.039,5,0.67,0.003,0.7,0.00%,-0.14,,,DH
2018,14,14,30,2-May,LAA,,BAL,"W,10-7",CG,4,4,1,0,0,0,0,0,0,0,0,0,0,0,1,0,0,0,0.308,0.345,0.615,0.961,5,0.27,0.011,0.29,0.01%,-0.4,,,DH
2018,15,15,31,3-May,LAA,,BAL,"W,12-3",CG,4,3,2,2,0,0,0,1,1,0,1,0,0,0,0,0,0,0,0.327,0.373,0.618,0.991,5,0.29,0.039,0.34,0.03%,0.93,,,DH
2018,16,16,32,4-May,LAA,@,SEA,"W,5-0",CG,5,4,1,2,1,0,0,1,1,0,1,0,0,0,0,0,0,0,0.339,0.391,0.627,1.018,5,0.85,0.191,1.21,0.16%,1.99,,,DH
2018,17,17,35 (2),8-May,LAA,@,COL,"L,2-4",7-Jul,1,1,0,0,0,0,0,0,0,0,0,0,0,0,0,0,0,0,0.333,0.385,0.617,1.001,7,1.85,-0.049,2.22,-0.04%,-0.34,,,PH
2018,18,18,36,9-May,LAA,@,COL,"W,8-0",8-Aug,1,1,0,1,0,0,0,0,0,0,0,0,0,0,0,0,0,0,0.344,0.394,0.623,1.017,7,0.02,0.001,0.02,0.00%,0.4,,,PH
2018,19,19,37,10-May,LAA,,MIN,"W,7-4",CG,4,4,1,2,1,0,1,2,0,0,1,0,0,0,0,0,0,0,0.354,0.4,0.677,1.077,5,0.77,0.062,0.94,0.05%,1.53,,,DH
2018,20,20,38,11-May,LAA,,MIN,"L,4-5",CG,4,4,0,1,0,0,0,0,0,0,1,0,0,0,0,0,0,0,0.348,0.392,0.652,1.044,4,0.61,-0.02,0.77,-0.02%,-0.11,,,DH
2018,21,21,42 (3),15-May,LAA,,HOU,"L,3-5",CG,4,4,0,1,0,0,0,0,0,0,1,0,0,0,0,0,0,0,0.342,0.385,0.63,1.015,2,1.03,-0.102,1.62,-0.10%,-0.86,,,DH
2018,22,22,43,16-May,LAA,,HOU,"L,0-2",CG,4,4,0,0,0,0,0,0,0,0,3,0,0,0,0,0,0,0,0.325,0.366,0.597,0.963,2,1.04,-0.106,1.58,-0.10%,-0.74,,,DH
2018,23,23,44,17-May,LAA,,TBR,"L,1-7",CG,4,4,1,1,0,0,1,1,0,0,0,0,0,0,0,0,0,0,0.321,0.36,0.617,0.978,5,0.87,-0.092,1.05,-0.07%,0.3,,,DH
2018,24,24,45,18-May,LAA,,TBR,"L,3-8",CG,4,3,0,1,1,0,0,0,1,0,1,0,0,0,0,0,0,0,0.321,0.367,0.619,0.986,5,0.74,0.074,0.85,0.05%,0.68,,,DH
2018,25,25,48 (2),22-May,LAA,@,TOR,"L,3-5",CG,4,3,0,0,0,0,0,0,1,0,1,0,0,0,0,0,0,0,0.31,0.362,0.598,0.959,5,0.88,-0.051,0.97,-0.03%,-0.39,,,DH
2018,26,26,49,23-May,LAA,@,TOR,"W,5-4",CG,5,4,1,1,0,0,0,2,1,0,2,0,0,0,0,0,1,0,0.308,0.364,0.582,0.946,5,2.97,0.331,3.12,0.21%,0.94,,,DH
2018,27,27,50,24-May,LAA,@,TOR,"W,8-1",CG,5,3,2,2,2,0,0,0,2,0,1,0,0,0,0,0,0,0,0.319,0.385,0.606,0.991,5,0.43,0.083,0.46,0.05%,1.57,,,DH
2018,28,28,51,25-May,LAA,@,NYY,"L,1-2",CG,4,3,0,0,0,0,0,0,1,0,1,0,0,0,0,0,0,0,0.309,0.38,0.588,0.967,5,1.4,-0.099,1.57,-0.07%,-0.47,,,DH
2018,29,29,52,26-May,LAA,@,NYY,"W,11-4",CG,5,4,0,0,0,0,0,1,1,0,2,0,0,0,0,1,0,0,0.297,0.372,0.564,0.936,5,1.06,0.027,1.15,0.02%,-0.52,,,DH
2018,30,30,53,27-May,LAA,@,NYY,"L,1-3",CG,4,2,0,0,0,0,0,0,2,0,2,0,0,0,0,0,0,0,0.291,0.376,0.553,0.929,4,1.35,0.103,1.51,0.07%,0.8,,,DH
2018,31,31,58 (4),1-Jun,LAA,,TEX,"W,6-0",CG,4,3,0,1,1,0,0,0,1,0,1,0,0,0,0,0,0,0,0.292,0.38,0.557,0.937,5,0.24,0.035,0.22,0.02%,0.59,,,DH
2018,32,32,59,2-Jun,LAA,,TEX,"L,2-3",CG(10),4,4,0,0,0,0,0,0,0,0,1,0,0,0,0,0,0,0,0.282,0.368,0.536,0.904,6,1.58,-0.174,1.49,-0.10%,-1.48,,,DH
2018,33,33,60,3-Jun,LAA,,TEX,"W,3-1",CG,3,3,1,1,0,0,0,0,0,0,1,0,0,0,0,0,0,0,0.283,0.367,0.531,0.898,5,0.44,0.009,0.38,0.01%,-0.14,,,DH
2018,34,34,61,4-Jun,LAA,,KCR,"W,9-6",7-Jun,1,1,1,1,0,0,0,0,0,0,0,0,0,0,0,0,0,0,0.289,0.372,0.535,0.907,9,1.15,0.044,1.05,0.02%,0.26,,,PH
2018,35,35,86 (24),3-Jul,LAA,@,SEA,"L,1-4",CG,4,4,0,0,0,0,0,0,0,0,3,0,0,0,0,0,0,0,0.28,0.361,0.517,0.878,6,0.63,-0.063,0.25,-0.02%,-0.63,,,DH
2018,36,36,87,4-Jul,LAA,@,SEA,"W,7-4",CG,5,4,2,2,1,0,0,0,0,0,0,0,0,0,0,0,0,0,0.287,0.365,0.525,0.89,6,0.69,0.012,0.2,0.00%,-0.44,,,DH
2018,37,37,88,5-Jul,LAA,@,SEA,"L,1-4",9-GF,1,1,0,0,0,0,0,0,0,0,1,0,0,0,0,0,0,0,0.285,0.362,0.52,0.883,8,0.72,-0.018,0.24,0.00%,-0.23,,,PH
2018,38,38,89,6-Jul,LAA,,LAD,"W,3-2",CG,4,3,1,0,0,0,0,0,1,0,2,0,0,0,0,0,1,0,0.278,0.359,0.508,0.867,6,1.72,0.031,0.33,0.00%,-0.24,,,DH
2018,39,39,90,7-Jul,LAA,,LAD,"L,1-3",CG,4,4,0,0,0,0,0,0,0,0,2,0,0,0,0,0,0,0,0.269,0.349,0.492,0.842,6,1.36,-0.138,0.31,-0.02%,-0.87,,,DH
2018,40,40,91,8-Jul,LAA,,LAD,"W,4-3",8-Jul,1,1,1,1,0,0,1,1,0,0,0,0,0,0,0,0,0,0,0.275,0.354,0.519,0.873,7,1.51,0.203,0.27,0.02%,1,,,PH
2018,41,41,92,10-Jul,LAA,,SEA,"W,9-3",CG,5,4,1,2,0,0,0,1,1,0,0,0,0,0,0,0,0,0,0.281,0.362,0.519,0.88,6,0.63,0.019,0.15,0.00%,0.81,,,DH
2018,42,42,93,11-Jul,LAA,,SEA,"L,0-3",9-GF,1,1,0,0,0,0,0,0,0,0,1,0,0,0,0,0,0,0,0.279,0.359,0.515,0.874,1,0.91,-0.023,0.25,0.00%,-0.24,,,PH
2018,43,43,95 (1),13-Jul,LAA,@,LAD,"L,2-3",9-GF,1,1,0,1,1,0,0,0,0,0,0,0,0,0,0,0,0,0,0.285,0.364,0.526,0.889,7,2.06,0.136,0.43,0.02%,0.41,,,PH
2018,44,44,96,14-Jul,LAA,@,LAD,"W,5-4",8-Aug,1,0,0,0,0,0,0,0,1,0,0,0,0,0,0,0,0,0,0.285,0.368,0.526,0.893,9,0.84,0.019,0.15,0.00%,0.2,,,PH
2018,45,45,97,15-Jul,LAA,@,LAD,"L,3-5",9-GF,1,1,0,0,0,0,0,0,0,0,1,0,0,0,0,0,0,0,0.283,0.365,0.522,0.887,9,1.45,-0.036,0.3,-0.01%,-0.22,,,PH
2018,46,46,98,20-Jul,LAA,,HOU,"L,1-3",CG,3,3,0,0,0,0,0,0,0,0,3,0,0,0,0,0,0,0,0.277,0.358,0.511,0.869,5,0.84,-0.067,0.18,-0.01%,-0.63,,,DH
2018,47,47,99,21-Jul,LAA,,HOU,"L,0-7",CG,4,4,0,2,2,0,0,0,0,0,0,0,0,0,0,0,0,0,0.283,0.362,0.524,0.886,5,0.82,0.07,0.13,0.01%,0.85,,,DH
2018,48,48,100,22-Jul,LAA,,HOU,"W,14-5",CG,5,4,2,1,0,0,0,0,1,0,0,0,0,0,0,0,0,0,0.282,0.363,0.517,0.88,5,0.37,0.028,0.04,0.00%,-0.12,,,DH
2018,49,49,101,23-Jul,LAA,,CHW,"L,3-5",CG,4,4,1,1,0,0,1,1,0,0,1,0,0,0,0,0,0,0,0.281,0.36,0.529,0.89,6,1.51,-0.022,0.18,0.00%,0.17,,,DH
2018,50,50,102,24-Jul,LAA,,CHW,"L,2-4",9-GF,1,1,0,0,0,0,0,0,0,0,0,0,0,0,0,0,0,0,0.279,0.358,0.526,0.884,7,2.59,-0.061,0.22,0.00%,-0.3,,,PH
2018,51,51,103,25-Jul,LAA,,CHW,"W,11-3",CG,5,4,1,1,0,0,1,2,1,0,3,0,0,0,0,0,0,0,0.278,0.36,0.538,0.898,2,0.47,0.102,0.03,0.00%,0.66,,,DH
2018,52,52,104,26-Jul,LAA,,CHW,"W,12-8",CG,5,5,0,0,0,0,0,0,0,0,1,0,0,0,0,0,0,0,0.27,0.35,0.521,0.871,2,0.73,-0.091,0.05,0.00%,-1.43,,,DH
2018,53,53,105,27-Jul,LAA,,SEA,"W,4-3",CG(10),4,4,0,0,0,0,0,0,0,0,2,0,0,0,0,0,0,0,0.263,0.342,0.509,0.851,2,1.02,-0.103,0.1,-0.01%,-1.12,,,DH
2018,54,54,106,28-Jul,LAA,,SEA,"W,11-5",CG,5,5,0,1,1,0,0,0,0,0,0,0,0,0,0,0,0,0,0.262,0.339,0.506,0.844,2,0.27,-0.035,0.04,0.00%,-0.59,,,DH
2018,55,55,107,29-Jul,LAA,,SEA,"L,5-8",9-Aug,1,1,0,0,0,0,0,0,0,0,1,0,0,0,0,0,0,0,0.26,0.337,0.503,0.84,9,0.65,-0.016,0.12,0.00%,-0.16,,,PH
2018,56,56,108,31-Jul,LAA,@,TBR,"L,6-10",CG,5,5,0,1,0,0,0,0,0,0,2,0,0,0,0,0,0,0,0.258,0.333,0.494,0.828,2,0.68,-0.042,0.08,0.00%,-0.74,,,DH
2018,57,57,110 (1),2-Aug,LAA,@,TBR,"L,2-4",8-Aug,1,1,0,0,0,0,0,0,0,0,1,0,0,0,0,0,0,0,0.257,0.332,0.492,0.823,8,1.44,-0.037,0.08,0.00%,-0.23,,,PH
2018,58,58,111,3-Aug,LAA,@,CLE,"W,7-4",CG,5,5,3,4,0,0,2,3,0,0,0,0,0,0,0,0,1,0,0.272,0.343,0.533,0.876,3,1.15,0.337,0.06,0.01%,3.31,,,DH
2018,59,59,112,4-Aug,LAA,@,CLE,"L,0-3",CG,4,4,0,0,0,0,0,0,0,0,2,0,0,0,0,0,0,0,0.266,0.337,0.521,0.858,3,1.04,-0.111,0.06,0.00%,-1.04,,,DH
2018,60,60,113,5-Aug,LAA,@,CLE,"L,3-4",CG,5,4,0,2,1,0,0,1,0,0,0,1,0,0,0,0,0,0,0.271,0.343,0.526,0.869,3,1.62,0.13,0.07,0.00%,1.18,,,DH
2018,61,61,114,6-Aug,LAA,,DET,"W,6-2",CG,4,2,0,0,0,0,0,0,2,0,1,0,0,0,0,0,1,0,0.268,0.346,0.521,0.866,5,0.57,-0.042,0.01,0.00%,-0.04,,,DH
2018,62,62,115,7-Aug,LAA,,DET,"W,11-5",CG,5,4,2,2,0,0,1,3,1,0,2,0,0,0,0,0,1,0,0.273,0.351,0.535,0.887,3,0.52,0.23,0.02,0.00%,2.59,,,DH
2018,63,63,118 (2),11-Aug,LAA,,OAK,"L,0-7",CG,4,4,0,1,0,0,0,0,0,0,1,0,0,0,0,0,0,0,0.272,0.35,0.53,0.879,3,0.43,-0.045,0.04,0.00%,-0.45,,,DH
2018,64,64,119,12-Aug,LAA,,OAK,"L,7-8",CG,5,5,0,1,0,0,0,2,0,0,3,0,0,0,0,0,0,0,0.271,0.346,0.522,0.868,3,1.48,-0.038,0.06,0.00%,-0.23,,,DH
2018,65,65,120,13-Aug,LAA,@,SDP,"W,6-3",10-Oct,1,0,1,0,0,0,0,0,1,0,0,0,0,0,0,0,0,0,0.271,0.349,0.522,0.871,9,3.26,0.021,0.05,0.00%,0.22,,,PH
2018,66,66,121,14-Aug,LAA,@,SDP,"W,7-3",9-Sep,1,0,0,0,0,0,0,0,1,0,0,0,0,0,0,0,1,0,0.271,0.352,0.522,0.874,9,0.14,0.003,0.01,0.00%,0.49,,,PH
2018,67,67,122,15-Aug,LAA,@,SDP,"W,3-2",9-Sep,1,1,0,0,0,0,0,0,0,0,1,0,0,0,0,0,0,0,0.269,0.35,0.519,0.87,9,0.9,-0.025,0.03,0.00%,-0.3,,,PH
2018,68,68,123,16-Aug,LAA,@,TEX,"L,6-8",CG,4,4,1,1,0,0,0,1,0,0,2,0,0,0,0,0,0,0,0.269,0.349,0.514,0.863,4,0.58,0.019,0.03,0.00%,0.19,,,DH
2018,69,69,124,17-Aug,LAA,@,TEX,"L,4-6",CG,4,4,0,0,0,0,0,0,0,0,1,0,0,0,0,0,0,0,0.264,0.343,0.505,0.848,4,1.06,-0.122,0.04,0.00%,-1.12,,,DH
2018,70,70,125,18-Aug,LAA,@,TEX,"W,11-7",7-Jul,1,1,1,1,0,0,1,3,0,0,0,0,0,0,0,0,0,0,0.267,0.346,0.521,0.866,6,2.11,0.207,0.05,0.00%,2.33,,,PH
2018,71,71,126,19-Aug,LAA,@,TEX,"L,2-4",CG,4,3,1,1,1,0,0,0,1,1,1,0,0,0,0,0,0,0,0.268,0.348,0.523,0.871,3,1.48,0.072,0.04,0.00%,0.76,,,DH
2018,72,72,127,21-Aug,LAA,@,ARI,"L,4-5",8-Aug,1,1,0,0,0,0,0,0,0,0,0,0,0,0,0,0,0,0,0.267,0.347,0.52,0.867,5,2.82,-0.066,0.05,0.00%,-0.36,,,PH
2018,73,73,128,22-Aug,LAA,@,ARI,"L,1-5",6-Jun,1,1,0,1,0,0,0,0,0,0,0,0,0,0,0,0,0,0,0.27,0.349,0.523,0.872,9,0.93,0.041,0.01,0.00%,0.39,,,PH
2018,74,74,129,24-Aug,LAA,,HOU,"L,3-9",9-Aug,1,1,0,0,0,0,0,0,0,0,1,0,0,0,0,0,0,0,0.269,0.348,0.52,0.868,6,0.94,-0.025,0.01,0.00%,-0.44,,,PH
2018,75,75,130,25-Aug,LAA,,HOU,"L,3-8",CG,4,3,1,2,1,0,1,2,0,0,1,1,0,0,0,0,0,1,0.274,0.354,0.54,0.894,4,1.17,0.074,0,0.00%,1.32,,,DH
2018,76,76,131,26-Aug,LAA,,HOU,"L,1-3",9-GF,1,1,0,0,0,0,0,0,0,0,1,0,0,0,0,0,0,0,0.273,0.353,0.537,0.89,7,1.56,-0.045,0,0.00%,-0.23,,,PH
2018,77,77,132,27-Aug,LAA,,COL,"W,10-7",CG,5,5,2,2,0,0,1,3,0,0,1,0,0,0,0,0,0,0,0.276,0.354,0.547,0.901,4,1.31,0.259,0,0.00%,0.88,,,DH
2018,78,78,133,28-Aug,LAA,,COL,"L,2-3",9-GF,1,1,0,0,0,0,0,0,0,0,1,0,0,0,0,0,0,0,0.275,0.352,0.545,0.898,7,2.63,-0.065,0,0.00%,-0.16,,,PH
2018,79,79,134,30-Aug,LAA,@,HOU,"W,5-2",CG,4,3,2,1,0,0,0,0,1,0,1,0,0,0,0,0,0,0,0.275,0.355,0.542,0.897,5,0.69,0.046,0,0.00%,1.61,,,DH
2018,80,80,135,31-Aug,LAA,@,HOU,"W,3-0",CG,4,3,0,1,0,0,0,0,1,0,0,0,0,0,0,0,0,0,0.276,0.357,0.54,0.897,6,0.57,0.034,0,0.00%,0.96,,,DH
2018,81,81,139 (3),4-Sep,LAA,@,TEX,"L,2-4",CG,4,4,1,1,0,0,1,1,0,0,2,0,0,0,0,0,0,0,0.276,0.355,0.547,0.903,2,1.44,-0.064,0,0.00%,-0.4,,,DH
2018,82,82,140,5-Sep,LAA,@,TEX,"W,9-3",CG,5,4,4,4,0,0,2,3,1,0,0,0,0,0,0,0,1,0,0.287,0.367,0.579,0.946,3,0.42,0.115,0,0.00%,4.31,,,DH
2018,83,83,141,7-Sep,LAA,@,CHW,"W,5-2",CG,5,4,1,1,0,0,1,3,1,0,2,0,0,0,0,0,0,0,0.287,0.367,0.586,0.953,5,1.03,0.215,0,0.00%,1.9,,,DH
2018,84,84,142,8-Sep,LAA,@,CHW,"W,12-3",CG,5,4,2,2,0,1,0,3,1,0,0,0,0,0,0,0,1,1,0.29,0.372,0.592,0.964,4,0.42,0.014,0,0.00%,2.02,,,DH
2018,85,85,143,9-Sep,LAA,@,CHW,"W,1-0",CG,4,3,0,1,1,0,0,0,1,0,1,0,0,0,0,0,0,1,0.291,0.373,0.593,0.966,4,1.06,-0.028,0,0.00%,-0.17,,,DH
2018,86,86,144,10-Sep,LAA,,TEX,"L,2-5",CG,4,4,1,2,1,0,0,1,0,0,1,0,0,0,0,0,1,0,0.294,0.375,0.595,0.97,5,1.18,0.109,0,0.00%,1.37,,,DH
2018,87,87,145,11-Sep,LAA,,TEX,"W,1-0",CG,3,3,0,0,0,0,0,0,0,0,1,0,0,0,0,0,0,0,0.291,0.371,0.589,0.96,4,1.02,-0.096,0,0.00%,-1,,,DH
2018,88,88,146,12-Sep,LAA,,TEX,"W,8-1",CG,4,3,1,2,1,0,0,0,1,0,1,0,0,0,0,0,0,0,0.295,0.376,0.593,0.97,4,0.32,-0.012,0,0.00%,0.7,,,DH
2018,89,89,147,13-Sep,LAA,,SEA,"L,2-8",GS-9,4,4,0,1,1,0,0,0,0,0,1,0,0,0,0,0,0,0,0.294,0.375,0.592,0.967,4,0.49,-0.045,0,0.00%,0.01,,,DH
2018,90,90,148,14-Sep,LAA,,SEA,"L,0-5",CG,4,4,0,0,0,0,0,0,0,0,1,0,0,0,0,0,0,0,0.29,0.37,0.583,0.953,4,0.6,-0.062,0,0.00%,-0.94,,,DH
2018,91,91,149,15-Sep,LAA,,SEA,"L,5-6",CG,4,4,1,2,0,0,1,1,0,0,2,0,0,0,0,0,0,0,0.293,0.371,0.593,0.964,4,0.94,-0.039,0,0.00%,-0.07,,,DH
2018,92,92,150,16-Sep,LAA,,SEA,"W,4-3",CG,4,3,1,0,0,0,0,0,1,0,2,0,0,0,0,0,0,1,0.29,0.37,0.587,0.956,3,1.09,-0.068,0,0.00%,-0.68,,,DH
2018,93,93,151,18-Sep,LAA,@,OAK,"W,9-7",CG,4,2,1,1,0,0,0,0,2,0,0,0,0,0,0,0,0,0,0.291,0.375,0.586,0.961,5,1.08,0.081,0,0.00%,1.01,,,DH
2018,94,94,152,19-Sep,LAA,@,OAK,"L,0-10",GS-7,3,3,0,1,0,0,0,0,0,0,0,0,0,0,0,0,0,0,0.292,0.374,0.583,0.958,4,0.49,-0.036,0,0.00%,-0.08,,,DH
2018,95,95,153,20-Sep,LAA,@,OAK,"L,3-21",GS-7,3,2,0,0,0,0,0,0,1,0,1,0,0,0,0,0,0,0,0.29,0.374,0.579,0.953,4,1.1,-0.08,0,0.00%,-0.57,,,DH
2018,96,96,154,21-Sep,LAA,@,HOU,"L,3-11",CG,4,4,0,0,0,0,0,0,0,0,2,0,0,0,0,0,0,0,0.286,0.369,0.571,0.941,4,0.23,-0.024,0,0.00%,-0.69,,,DH
2018,97,97,155,22-Sep,LAA,@,HOU,"L,5-10",CG,4,4,1,1,0,0,0,0,0,0,1,0,0,0,0,0,0,0,0.285,0.368,0.567,0.935,4,0.71,-0.051,0,0.00%,0.2,,,DH
2018,98,98,156,23-Sep,LAA,@,HOU,"L,2-6",CG,4,4,0,0,0,0,0,0,0,0,3,0,0,0,0,0,0,0,0.281,0.364,0.56,0.923,3,1.01,-0.101,0,0.00%,-1.11,,,DH
2018,99,99,157,24-Sep,LAA,,TEX,"W,5-4",CG(11),5,5,1,1,0,0,1,1,0,0,1,0,0,0,0,1,0,0,0.28,0.361,0.564,0.925,3,1.46,-0.141,0,0.00%,-1.22,,,DH
2018,100,100,158,25-Sep,LAA,,TEX,"W,4-1",CG,4,4,1,1,0,0,0,1,0,0,0,0,0,0,0,0,0,0,0.28,0.36,0.559,0.919,4,1.81,-0.058,0,0.00%,-1.23,,,DH
2018,101,101,159,26-Sep,LAA,,TEX,"W,3-2",CG,4,4,1,2,0,0,1,2,0,0,1,0,0,0,0,0,0,0,0.283,0.362,0.568,0.93,4,1.29,0.334,0,0.00%,1.29,,,DH
2018,102,102,160,28-Sep,LAA,,OAK,"W,8-5",CG,4,3,1,3,1,0,0,2,0,0,0,0,0,1,0,0,1,0,0.289,0.366,0.575,0.941,4,0.68,0.104,0,0.00%,2.06,,,DH
2018,103,103,161,29-Sep,LAA,,OAK,"L,2-5",CG,4,4,0,0,0,0,0,0,0,0,1,0,0,0,0,0,0,0,0.286,0.362,0.568,0.93,4,0.91,-0.094,0,0.00%,-0.87,,,DH
2018,104,104,162,30-Sep,LAA,,OAK,"W,5-4",CG,4,4,1,1,0,0,0,0,0,0,1,0,0,0,0,0,0,0,0.285,0.361,0.564,0.925,3,1.33,0.003,0,0.00%,-0.43,,,DH
2019,1,105,35 (34),7-May,LAA,@,DET,"W,5-2",CG,5,4,0,0,0,0,0,1,1,0,2,0,0,0,0,0,0,0,0,0.2,0,0.2,3,0.93,-0.066,0.7,-0.03%,-0.98,,,DH
2019,2,106,36,8-May,LAA,@,DET,"L,3-10",CG,4,3,0,0,0,0,0,0,0,0,2,1,0,0,0,0,0,0,0,0.222,0,0.222,3,0.73,-0.083,0.63,-0.04%,-0.81,,,DH
2019,3,107,37,9-May,LAA,@,DET,"W,13-0",CG,5,4,0,2,0,0,0,1,1,0,1,0,0,0,0,0,0,0,0.182,0.357,0.182,0.539,3,0.45,0.117,0.35,0.05%,1.44,,,DH
2019,4,108,38,10-May,LAA,@,BAL,"W,8-3",CG,5,5,0,0,0,0,0,0,0,0,2,0,0,0,0,0,0,0,0.125,0.263,0.125,0.388,3,0.47,-0.093,0.4,-0.05%,-1.77,,,DH
2019,5,109,39,11-May,LAA,@,BAL,"W,7-2",CG,5,5,1,2,0,0,0,1,0,0,0,0,0,0,0,0,0,0,0.19,0.292,0.19,0.482,3,0.98,0.021,0.86,0.01%,0.76,,,DH
2019,6,110,41 (1),13-May,LAA,@,MIN,"W,5-4",CG,5,3,1,2,0,0,1,2,2,0,0,0,0,0,0,1,0,0,0.25,0.379,0.375,0.754,3,1.05,0.085,0.93,0.05%,0.86,,,DH
2019,7,111,42,14-May,LAA,@,MIN,"L,3-4",CG,4,4,0,3,0,0,0,1,0,0,0,0,0,0,0,0,0,0,0.321,0.424,0.429,0.853,3,1.02,0.163,0.96,0.09%,1.14,,,DH
2019,8,112,43,15-May,LAA,@,MIN,"L,7-8",CG,6,6,1,1,0,0,0,0,0,0,1,0,0,0,1,0,0,0,0.294,0.385,0.382,0.767,3,2.46,-0.336,2.08,-0.17%,-1.83,,,DH
2019,9,113,44,17-May,LAA,,KCR,"W,5-2",CG,4,4,0,1,0,0,0,0,0,0,2,0,0,0,0,0,0,0,0.289,0.372,0.368,0.741,3,0.68,-0.049,0.49,-0.02%,-0.4,,,DH
2019,10,114,45,18-May,LAA,,KCR,"W,6-3",CG,4,4,1,1,0,0,1,2,0,0,2,0,0,0,0,0,0,0,0.286,0.362,0.429,0.79,3,0.51,0.07,0.39,0.03%,1.05,,,DH
2019,11,115,46,19-May,LAA,,KCR,"L,1-5",CG,4,3,0,0,0,0,0,0,1,0,2,0,0,0,0,0,0,0,0.267,0.353,0.4,0.753,3,1.2,-0.072,0.98,-0.04%,-0.58,,,DH
2019,12,116,47,20-May,LAA,,MIN,"L,1-3",CG,4,3,0,0,0,0,0,0,1,0,3,0,0,0,0,0,0,0,0.25,0.345,0.375,0.72,3,1.24,-0.107,0.94,-0.05%,-0.64,,,DH
2019,13,117,48,21-May,LAA,,MIN,"L,3-8",CG,4,4,0,1,0,0,0,0,0,0,0,0,0,0,0,0,0,0,0.25,0.339,0.365,0.704,3,0.74,0.009,0.52,0.00%,-0.34,,,DH
2019,14,118,50 (1),24-May,LAA,,TEX,"L,3-4",CG,4,3,0,0,0,0,0,0,1,0,0,0,0,0,0,0,0,0,0.236,0.333,0.345,0.679,3,1.1,-0.097,0.64,-0.03%,-1.03,,,DH
2019,15,119,51,25-May,LAA,,TEX,"W,3-2",CG,4,4,0,1,0,0,0,0,0,0,1,0,0,0,0,0,0,0,0.237,0.328,0.339,0.667,3,0.73,-0.024,0.37,-0.01%,-0.36,,,DH
2019,16,120,52,26-May,LAA,,TEX,"W,7-6",CG,4,3,0,0,0,0,0,1,0,0,0,0,0,1,0,0,0,0,0.226,0.31,0.323,0.632,3,1.49,-0.06,0.83,-0.02%,-0.98,,,DH
2019,17,121,53,27-May,LAA,@,OAK,"L,5-8",CG,4,4,0,1,0,0,0,0,0,0,1,0,0,0,0,0,0,1,0.227,0.307,0.318,0.625,3,1.12,-0.063,0.74,-0.03%,-0.56,,,DH
2019,18,122,54,28-May,LAA,@,OAK,"W,6-4",CG,5,5,0,2,0,0,0,2,0,0,1,0,0,0,0,0,0,0,0.239,0.313,0.324,0.636,3,1.71,0.359,0.96,0.12%,1.24,,,DH
2019,19,123,55,29-May,LAA,@,OAK,"W,12-7",CG(11),7,5,1,1,0,0,0,0,2,0,3,0,0,0,1,0,0,0,0.237,0.322,0.316,0.638,3,0.84,-0.011,0.51,0.00%,-0.28,,,DH
2019,20,124,57 (1),31-May,LAA,@,SEA,"L,3-4",CG,4,4,1,2,0,0,1,2,0,0,0,0,0,0,0,0,0,0,0.25,0.33,0.363,0.692,3,1.11,0.186,0.77,0.08%,1.73,,,DH
2019,21,125,58,1-Jun,LAA,@,SEA,"W,6-3",CG,5,4,0,0,0,0,0,0,1,0,2,0,0,0,0,0,0,0,0.238,0.323,0.345,0.668,3,1.15,-0.085,0.7,-0.03%,-1.39,,,DH
2019,22,126,59,2-Jun,LAA,@,SEA,"W,13-3",CG,6,5,0,0,0,0,0,1,0,0,1,0,0,1,3,0,0,0,0.225,0.304,0.326,0.63,3,0.51,-0.033,0.34,-0.01%,0.01,,,DH
2019,23,127,61 (1),4-Jun,LAA,,OAK,"L,2-4",CG,4,3,1,2,0,0,1,2,1,0,1,0,0,0,0,0,0,0,0.239,0.321,0.37,0.69,3,1.22,0.172,0.87,0.07%,2.08,,,DH
2019,24,128,62,5-Jun,LAA,,OAK,"W,10-9",CG,5,4,2,2,0,0,1,4,1,0,2,0,0,0,0,0,0,0,0.25,0.333,0.406,0.74,3,2.34,0.576,1.47,0.22%,3.5,,,DH
2019,25,129,63,6-Jun,LAA,,OAK,"L,4-7",CG,4,4,1,1,0,0,0,0,0,0,0,0,0,0,0,0,0,0,0.25,0.33,0.4,0.73,3,0.69,-0.027,0.47,-0.01%,-0.42,,,DH
2019,26,130,64,7-Jun,LAA,,SEA,"L,2-6",CG,4,4,0,0,0,0,0,0,0,0,1,0,0,0,0,0,0,0,0.24,0.319,0.385,0.704,3,0.86,-0.089,0.44,-0.03%,-1.09,,,DH
2019,27,131,65,8-Jun,LAA,,SEA,"W,12-3",CG,5,5,3,3,1,0,1,2,0,0,0,0,0,0,0,0,0,0,0.257,0.331,0.431,0.762,3,0.5,0.061,0.23,0.02%,1.8,,,DH
2019,28,132,66,9-Jun,LAA,,SEA,"L,3-9",CG,4,4,0,0,0,0,0,0,0,0,3,0,0,0,0,0,0,0,0.248,0.32,0.416,0.736,3,0.85,-0.083,0.43,-0.03%,-0.98,,,DH
2019,29,133,67,10-Jun,LAA,,LAD,"W,5-3",8-GF,1,0,1,0,0,0,0,0,1,0,0,0,0,0,0,0,0,0,0.248,0.326,0.416,0.742,4,2.58,0.21,1.07,0.05%,1.05,,,PH DH
2019,30,134,68,11-Jun,LAA,,LAD,"W,5-3",CG,4,4,1,2,0,0,1,1,0,0,2,0,0,0,0,0,1,0,0.256,0.331,0.444,0.775,3,0.26,0.09,0.12,0.03%,0.8,,,DH
2019,31,135,69,13-Jun,LAA,@,TBR,"W,5-3",CG,4,4,2,4,1,1,1,3,0,0,0,0,0,0,0,0,0,0,0.281,0.35,0.512,0.863,3,0.81,0.244,0.49,0.09%,3.16,,,DH
2019,32,136,70,14-Jun,LAA,@,TBR,"L,4-9",CG,5,4,1,1,0,0,0,1,1,0,1,0,0,0,1,0,1,0,0.28,0.352,0.504,0.856,3,1.14,0.143,0.75,0.06%,1.28,,,DH
2019,33,137,71,15-Jun,LAA,@,TBR,"W,5-3",CG,4,4,0,0,0,0,0,0,0,0,1,0,0,0,0,0,0,0,0.271,0.342,0.488,0.831,3,0.43,-0.044,0.24,-0.02%,-0.56,,,DH
2019,34,138,72,16-Jun,LAA,@,TBR,"L,5-6",CG,5,4,1,2,0,0,0,0,1,0,2,0,0,0,0,0,0,0,0.278,0.351,0.489,0.84,3,1.56,0.119,0.93,0.04%,0.83,,,DH
2019,35,139,73,17-Jun,LAA,@,TOR,"W,10-5",CG,5,5,1,2,1,0,1,3,0,0,2,0,0,0,0,0,0,0,0.283,0.353,0.514,0.867,3,0.4,0.121,0.2,0.04%,1.91,,,DH
2019,36,140,74,18-Jun,LAA,@,TOR,"W,3-1",CG,4,4,0,0,0,0,0,0,0,0,0,0,0,0,0,1,0,0,0.275,0.344,0.5,0.844,3,0.91,-0.141,0.52,-0.05%,-1.5,,,DH
2019,37,141,75,19-Jun,LAA,@,TOR,"W,11-6",CG,6,6,0,2,1,0,0,0,0,0,1,0,0,0,0,0,1,0,0.277,0.343,0.5,0.843,3,0.45,-0.008,0.3,0.00%,-1.08,,,DH
2019,38,142,76,20-Jun,LAA,@,TOR,"L,5-7",6-Jun,1,1,0,0,0,0,0,0,0,0,0,0,0,0,0,0,0,0,0.275,0.341,0.497,0.838,9,4,-0.118,2.83,-0.05%,-0.82,,,PH
2019,39,143,77,21-Jun,LAA,@,STL,"L,1-5",7-Jul,1,1,0,0,0,0,0,0,0,0,1,0,0,0,0,0,0,0,0.273,0.339,0.493,0.833,8,3.77,-0.086,2.6,-0.04%,-0.48,,,PH
2019,40,144,78,22-Jun,LAA,@,STL,"L,2-4",3-Mar,1,1,0,0,0,0,0,0,0,0,0,0,0,0,0,0,0,0,0.272,0.337,0.49,0.827,9,1.62,-0.038,1.01,-0.01%,-0.36,,,PH
2019,41,145,79,23-Jun,LAA,@,STL,"W,6-4",6-Jun,1,1,0,1,0,0,0,0,0,0,0,0,0,0,0,0,0,0,0.276,0.341,0.493,0.835,9,2.07,0.061,1.17,0.02%,0.66,,,PH
2019,42,146,80,25-Jun,LAA,,CIN,"W,5-1",CG,4,3,0,1,0,0,0,1,0,0,0,0,0,1,0,0,0,0,0.277,0.339,0.49,0.829,3,0.46,0.009,0.28,0.00%,0.43,,,DH
2019,43,147,81,26-Jun,LAA,,CIN,"W,5-1",CG,4,3,1,3,1,0,0,0,1,0,0,0,0,0,0,0,1,0,0.291,0.354,0.506,0.86,3,1.24,0.249,0.77,0.09%,1.91,,,DH
2019,44,148,82,27-Jun,LAA,,OAK,"W,8-3",CG,4,4,1,1,0,0,1,2,0,0,3,0,0,0,0,0,0,0,0.29,0.352,0.519,0.87,3,0.47,0.133,0.38,0.06%,0.72,,,DH
2019,45,149,83,28-Jun,LAA,,OAK,"L,2-7",CG,4,4,1,3,1,0,0,0,0,0,0,0,0,0,0,0,0,0,0.301,0.36,0.53,0.89,3,0.54,0.027,0.48,0.01%,1.08,,,DH
2019,46,150,84,29-Jun,LAA,,OAK,"L,0-4",CG,4,4,0,0,0,0,0,0,0,0,2,0,0,0,0,0,0,0,0.294,0.353,0.518,0.87,3,0.79,-0.082,0.59,-0.04%,-1.01,,,DH
2019,47,151,85,30-Jun,LAA,,OAK,"L,3-12",CG,4,4,2,2,0,0,2,2,0,0,1,0,0,0,0,0,0,0,0.299,0.356,0.552,0.907,3,0.93,0.048,0.62,0.02%,1.28,,,DH
2019,48,152,86,2-Jul,LAA,@,TEX,"W,9-4",8-Aug,1,1,0,1,0,0,0,0,0,0,0,0,0,0,0,0,0,0,0.303,0.359,0.554,0.913,9,0.08,0.003,0.04,0.00%,0.4,,,PH
2019,49,153,87,3-Jul,LAA,@,TEX,"W,6-2",CG,4,4,1,2,2,0,0,0,0,0,1,0,0,0,0,0,0,0,0.307,0.362,0.564,0.926,3,0.37,0.026,0.21,0.01%,0.95,,,DH
2019,50,154,88,4-Jul,LAA,@,TEX,"L,3-9",CG,5,5,0,2,0,0,0,0,0,0,0,0,0,0,0,0,0,0,0.31,0.363,0.56,0.923,3,0.63,-0.002,0.41,0.00%,-0.75,,,DH
2019,51,155,89,5-Jul,LAA,@,HOU,"W,5-4",CG,4,4,1,1,0,0,1,1,0,0,1,0,0,0,0,0,0,0,0.309,0.361,0.569,0.93,3,0.8,0.027,0.46,0.01%,0.06,,,DH
2019,52,156,90,6-Jul,LAA,@,HOU,"L,0-4",CG,4,4,0,1,1,0,0,0,0,0,1,0,0,0,0,0,0,0,0.307,0.358,0.568,0.926,3,1.28,-0.083,0.88,-0.03%,-0.95,,,DH
2019,53,157,91,7-Jul,LAA,@,HOU,"L,10-11",CG(10),6,6,1,1,0,0,1,2,0,0,1,0,0,0,0,0,0,0,0.303,0.353,0.571,0.924,3,1,0.004,0.59,0.00%,-0.35,,,DH
2019,54,158,92,12-Jul,LAA,,SEA,"W,13-0",CG,5,4,1,1,0,0,0,0,1,0,1,0,0,0,0,0,0,0,0.302,0.354,0.564,0.919,3,0.21,0.023,0.08,0.01%,-1.02,,,DH
2019,55,159,93,13-Jul,LAA,,SEA,"W,9-2",CG,4,3,1,0,0,0,0,0,1,0,2,0,0,0,0,0,1,0,0.298,0.352,0.556,0.909,3,0.24,-0.021,0.09,-0.01%,-0.81,,,DH
2019,56,160,94,14-Jul,LAA,,SEA,"W,6-3",CG,4,2,0,1,0,0,0,1,1,0,1,0,0,1,0,0,0,0,0.3,0.355,0.556,0.911,3,1.2,-0.026,0.53,-0.01%,-0.35,,,DH
2019,57,161,95,15-Jul,LAA,,HOU,"W,9-6",CG,5,4,1,0,0,0,0,0,1,0,1,0,0,0,0,0,0,0,0.294,0.352,0.545,0.897,3,0.61,-0.036,0.36,-0.01%,-0.49,,,DH
2019,58,162,96,16-Jul,LAA,,HOU,"W,7-2",CG,4,4,1,2,0,0,0,1,0,0,0,0,0,0,0,0,1,0,0.298,0.354,0.544,0.898,3,0.42,0.051,0.27,0.02%,0.51,,,DH
2019,59,163,97,17-Jul,LAA,,HOU,"L,2-11",CG,4,3,0,2,0,0,0,0,1,0,0,0,0,0,0,0,0,0,0.303,0.361,0.546,0.907,3,0.15,0.003,0.12,0.00%,0.47,,,DH
2019,60,164,98,18-Jul,LAA,,HOU,"L,2-6",9-GF,1,1,0,0,0,0,0,0,0,0,1,0,0,0,0,0,0,0,0.301,0.359,0.543,0.903,9,0.22,-0.007,0.13,0.00%,-0.39,,,PH
2019,61,165,99,19-Jul,LAA,@,SEA,"L,0-10",GS-8,3,3,0,0,0,0,0,0,0,0,1,0,0,0,0,0,0,0,0.297,0.355,0.536,0.891,3,0.3,-0.024,0.13,-0.01%,-0.33,,,DH
2019,62,166,100,20-Jul,LAA,@,SEA,"W,6-2",CG,5,5,0,1,0,0,0,0,0,0,2,0,0,0,0,0,1,0,0.295,0.352,0.529,0.88,3,0.66,-0.121,0.23,-0.03%,-0.69,,,DH
2019,63,167,101,21-Jul,LAA,@,SEA,"W,9-3",CG,5,5,1,2,1,0,0,0,0,0,1,0,0,0,0,0,0,0,0.297,0.353,0.53,0.883,3,0.28,-0.018,0.12,-0.01%,0.56,,,DH
2019,64,168,102,23-Jul,LAA,@,LAD,"W,5-4",2-Feb,1,1,0,1,0,0,0,1,0,0,0,0,0,0,0,0,0,0,0.3,0.355,0.532,0.887,9,1.72,0.104,0.78,0.03%,1,,,PH
2019,65,169,103,24-Jul,LAA,@,LAD,"W,3-2",8-Aug,1,0,0,0,0,0,0,0,1,0,0,0,0,0,0,0,0,0,0.3,0.358,0.532,0.89,9,0.92,0.034,0.48,0.01%,0.39,,,PH
2019,66,170,104,25-Jul,LAA,,BAL,"L,8-10",CG(16),8,5,0,0,0,0,0,0,2,0,1,1,0,0,0,0,1,0,0.294,0.358,0.521,0.879,3,2.36,-0.272,1.45,-0.10%,-0.75,,,DH
2019,67,171,105,26-Jul,LAA,,BAL,"L,3-9",CG,4,4,0,1,0,1,0,0,0,0,0,0,0,0,0,0,0,0,0.293,0.357,0.525,0.881,3,0.31,-0.025,0.17,-0.01%,-0.44,,,DH
2019,68,172,106,27-Jul,LAA,,BAL,"L,7-8",CG,5,4,1,1,0,0,1,1,1,1,1,0,0,0,0,0,0,0,0.293,0.357,0.533,0.89,3,2.47,0.066,1.08,0.02%,0.54,,,DH
2019,69,173,107,28-Jul,LAA,,BAL,"W,5-4",CG,4,4,0,0,0,0,0,0,0,0,0,0,0,0,0,0,0,0,0.288,0.352,0.524,0.876,3,1.04,-0.11,0.35,-0.02%,-1.01,,,DH
2019,70,174,108,29-Jul,LAA,,DET,"L,2-7",CG,4,3,0,0,0,0,0,0,1,0,1,0,0,0,0,1,0,0,0.285,0.351,0.518,0.869,3,1.29,-0.028,0.47,-0.01%,-0.47,,,DH
2019,71,175,109,30-Jul,LAA,,DET,"W,6-1",CG,4,4,1,3,0,0,0,1,0,0,1,0,0,0,0,0,1,0,0.292,0.356,0.521,0.878,3,0.76,0.157,0.23,0.03%,1.76,,,DH
2019,72,176,111 (1),2-Aug,LAA,@,CLE,"L,3-7",CG,4,3,0,0,0,0,0,0,1,0,1,0,0,0,0,0,0,1,0.288,0.355,0.515,0.87,3,0.66,-0.048,0.2,-0.01%,-1.21,,,DH
2019,73,177,112,3-Aug,LAA,@,CLE,"L,2-7",CG,4,4,0,2,1,0,0,0,0,0,0,0,0,0,0,0,0,0,0.292,0.357,0.519,0.876,3,0.61,0.017,0.15,0.00%,0.8,,,DH
2019,74,178,113,4-Aug,LAA,@,CLE,"L,2-6",CG,4,4,0,0,0,0,0,0,0,0,2,0,0,0,0,0,0,0,0.287,0.352,0.511,0.863,3,0.67,-0.073,0.11,-0.01%,-1.01,,,DH
2019,75,179,114,5-Aug,LAA,@,CIN,"L,4-7",9-GF,1,1,0,0,0,0,0,0,0,0,1,0,0,0,0,0,0,0,0.286,0.351,0.509,0.86,9,0.42,-0.013,0.03,0.00%,-0.25,,,PH
2019,76,180,115,6-Aug,LAA,@,CIN,"L,4-8",8-Aug,1,0,0,0,0,0,0,0,1,0,0,0,0,0,0,0,0,0,0.286,0.353,0.509,0.862,6,1.6,0.045,0.12,0.00%,0.35,,,PH
2019,77,181,116,8-Aug,LAA,@,BOS,"L,0-3",CG,3,3,0,1,1,0,0,0,0,0,1,0,0,0,0,0,0,0,0.287,0.353,0.511,0.864,3,0.97,-0.04,0.05,0.00%,-0.35,,,DH
2019,78,182,117,9-Aug,LAA,@,BOS,"L,4-16",CG,4,4,0,0,0,0,0,0,0,0,1,0,0,0,0,0,0,1,0.283,0.348,0.504,0.852,3,0.67,-0.094,0.02,0.00%,-1.24,,,DH
2019,79,183,118,10-Aug,LAA,@,BOS,"W,12-4",CG,5,5,2,2,1,0,0,2,0,0,2,0,0,0,0,0,0,0,0.285,0.349,0.505,0.855,3,0.39,0.073,0.01,0.00%,1.73,,,DH
2019,80,184,119,11-Aug,LAA,@,BOS,"W,5-4",CG(10),5,5,0,3,0,0,0,2,0,0,2,0,0,0,0,0,0,0,0.29,0.353,0.507,0.86,3,1.74,0.183,0.05,0.00%,2.47,,,DH
2019,81,185,120,12-Aug,LAA,,PIT,"L,2-10",CG,5,5,0,1,0,0,0,0,0,0,2,0,0,0,0,1,0,0,0.289,0.351,0.502,0.852,3,0.51,-0.086,0.01,0.00%,-1.65,,,DH
2019,82,186,121,13-Aug,LAA,,PIT,"L,7-10",CG,5,5,2,2,1,1,0,2,0,0,1,0,0,0,0,0,1,0,0.291,0.352,0.51,0.862,3,1.11,0.099,0.02,0.00%,1.73,,,DH
2019,83,187,122,14-Aug,LAA,,PIT,"W,7-4",CG,4,3,1,2,0,0,0,0,1,0,1,0,0,0,0,0,0,0,0.294,0.356,0.512,0.868,3,0.88,0.031,0.01,0.00%,0.85,,,DH
2019,84,188,123,15-Aug,LAA,,CHW,"W,8-7",CG,5,5,1,2,1,0,0,0,0,0,1,0,0,0,1,0,0,0,0.296,0.357,0.513,0.87,3,0.8,0.029,0.01,0.00%,0.39,,,DH
2019,85,189,124,16-Aug,LAA,,CHW,"L,2-7",CG,4,4,0,1,0,0,0,1,0,0,1,0,0,0,0,0,0,0,0.295,0.356,0.51,0.865,3,1.79,-0.05,0.02,0.00%,-0.42,,,DH
2019,86,190,125,17-Aug,LAA,,CHW,"W,6-5",8-Jul,1,1,1,1,0,0,0,0,0,0,0,0,0,0,0,0,0,0,0.298,0.358,0.511,0.869,9,1.5,0.053,0.01,0.00%,0.4,,,PH
2019,87,191,126,18-Aug,LAA,,CHW,"W,9-2",CG,5,5,1,2,0,0,1,2,0,0,1,0,0,0,0,0,0,0,0.299,0.358,0.519,0.877,3,0.32,-0.02,0,0.00%,0.99,,,DH
2019,88,192,127,19-Aug,LAA,@,TEX,"L,7-8",CG(11),6,4,2,2,0,1,0,1,1,0,0,0,0,0,0,0,1,0,0.302,0.362,0.525,0.887,3,1.5,-0.185,0.02,0.00%,0.51,,,DH
2019,89,193,129 (1),Aug 20 (2),LAA,@,TEX,"L,2-3",CG(11),5,5,0,3,1,0,0,1,0,0,0,0,0,0,0,0,0,0,0.307,0.365,0.529,0.894,3,1.16,0.101,0.01,0.00%,1.23,,,DH
2019,90,194,130,21-Aug,LAA,@,TEX,"L,7-8",9-Sep,1,1,0,0,0,0,0,0,0,0,0,0,0,0,0,0,0,0,0.306,0.364,0.528,0.892,8,3.17,-0.081,0.03,0.00%,-0.35,,,PH
2019,91,195,131,23-Aug,LAA,@,HOU,"L,4-5",CG,4,4,1,0,0,0,0,0,0,0,1,0,0,0,1,1,0,0,0.302,0.36,0.521,0.881,3,1.5,-0.1,0.01,0.00%,-0.85,,,DH
2019,92,196,132,24-Aug,LAA,@,HOU,"L,2-5",CG,5,5,0,1,0,0,0,0,0,0,3,0,0,0,0,0,0,0,0.3,0.358,0.517,0.874,3,0.71,-0.095,0,0.00%,-1.31,,,DH
2019,93,197,133,25-Aug,LAA,@,HOU,"L,2-11",CG,4,3,0,0,0,0,0,0,1,0,1,0,0,0,0,0,0,0,0.298,0.357,0.512,0.868,3,1.53,-0.109,0,0.00%,-1.01,,,DH
2019,94,198,134,27-Aug,LAA,,TEX,"W,5-2",CG,4,4,1,1,0,0,0,0,0,0,0,0,0,0,0,0,0,0,0.297,0.355,0.509,0.864,3,0.82,0.039,0,0.00%,-0.08,,,DH
2019,95,199,135,28-Aug,LAA,,TEX,"L,0-3",CG,4,4,0,1,1,0,0,0,0,0,1,0,0,0,0,0,0,0,0.297,0.354,0.509,0.863,3,0.89,0.016,0,0.00%,0.34,,,DH
2019,96,200,136,30-Aug,LAA,,BOS,"L,6-7",CG(15),8,8,1,0,0,0,0,0,0,0,4,0,0,0,0,0,0,0,0.29,0.347,0.497,0.844,3,2.55,-0.513,0,0.00%,-2.53,,,DH
2019,97,201,137,31-Aug,LAA,,BOS,"W,10-4",9-Aug,1,1,0,0,0,0,0,0,0,0,1,0,0,0,0,0,0,0,0.289,0.346,0.496,0.842,8,2.8,-0.091,0,0.00%,-0.6,,,PH
2019,98,202,138,1-Sep,LAA,,BOS,"L,3-4",7-Jun,1,0,0,0,0,0,0,0,1,0,0,0,0,0,0,0,0,0,0.289,0.348,0.496,0.844,9,1.64,0.02,0,0.00%,0.12,,,PH
2019,99,203,139,3-Sep,LAA,@,OAK,"L,5-7",CG,4,4,0,1,1,0,0,1,0,0,2,0,0,0,0,1,0,0,0.289,0.347,0.496,0.843,3,1.23,0.039,0,0.00%,0.29,,,DH
2019,100,204,140,4-Sep,LAA,@,OAK,"L,0-4",CG,4,3,0,0,0,0,0,0,0,0,3,0,0,0,0,0,0,0,0.286,0.344,0.492,0.836,5,1.16,-0.042,0,0.00%,-0.63,,,DH
2019,101,205,142 (1),6-Sep,LAA,@,CHW,"W,5-4",CG,4,4,1,2,1,1,0,0,0,0,2,0,0,0,0,0,0,0,0.288,0.346,0.5,0.846,5,0.63,0.062,0,0.00%,0.74,,,DH
2019,102,206,143,7-Sep,LAA,@,CHW,"W,8-7",CG,5,5,1,3,1,0,1,5,0,0,1,0,0,0,0,0,1,0,0.293,0.349,0.512,0.861,4,0.94,0.305,0,0.00%,3.61,,,DH
2019,103,207,144,8-Sep,LAA,@,CHW,"L,1-5",CG,4,4,0,1,0,0,0,1,0,0,3,0,0,0,0,0,0,0,0.292,0.348,0.509,0.857,3,1.38,-0.031,0,0.00%,-0.33,,,DH
2019,104,208,145,9-Sep,LAA,,CLE,"L,2-6",CG,4,4,0,0,0,0,0,0,0,0,2,0,0,0,0,0,0,0,0.289,0.345,0.504,0.849,3,0.84,-0.085,0,0.00%,-1.08,,,DH
2019,105,209,146,10-Sep,LAA,,CLE,"L,0-8",GS-9,3,2,0,0,0,0,0,0,1,0,0,0,0,0,0,0,0,0,0.288,0.344,0.501,0.846,3,0.61,-0.016,0,0.00%,-0.17,,,DH
2019,106,210,147,11-Sep,LAA,,CLE,"L,3-4",CG,5,5,1,1,0,0,1,1,0,0,2,0,0,0,0,0,0,0,0.286,0.343,0.505,0.848,3,1.89,-0.127,0,0.00%,-0.28,,,DH
2020,1,211,1,24-Jul,LAA,@,OAK,"L,3-7",CG(10),5,5,0,1,0,0,0,0,0,0,1,0,0,0,0,0,0,0,0.2,0.2,0.2,0.4,3,2.37,-0.231,2.79,-0.16%,-1.23,,,DH
2020,2,212,4 (2),27-Jul,LAA,@,OAK,"L,0-3",CG,4,4,0,0,0,0,0,0,0,0,3,0,0,0,0,0,0,0,0.111,0.111,0.111,0.222,3,1.18,-0.122,1.41,-0.09%,-1.2,,,DH
2020,3,213,5,28-Jul,LAA,,SEA,"W,10-2",CG,5,5,0,1,1,0,0,1,0,0,1,0,0,0,0,0,0,0,0.143,0.143,0.214,0.357,5,0.64,-0.06,0.73,-0.04%,-0.22,,,DH
2020,4,214,6,29-Jul,LAA,,SEA,"L,7-10",CG,5,5,1,1,0,0,1,3,0,0,1,0,0,0,0,0,0,0,0.158,0.158,0.368,0.526,4,1.56,0.112,1.88,0.08%,0.9,,,DH
2020,5,215,7,30-Jul,LAA,,SEA,"L,5-8",CG,4,4,1,1,0,0,1,3,0,0,1,0,0,0,0,0,1,0,0.174,0.174,0.478,0.652,5,1.69,-0.056,2.01,-0.04%,1.73,,,DH
2020,6,216,8,31-Jul,LAA,,HOU,"L,6-9",CG,5,4,1,0,0,0,0,0,1,0,2,0,0,0,0,1,0,0,0.148,0.179,0.407,0.586,4,1.85,-0.252,2.15,-0.18%,-1.54,,,DH
2020,7,217,13 (4),6-Aug,LAA,@,SEA,"W,6-1",CG,4,3,2,1,0,0,1,1,1,0,0,0,0,0,0,0,0,0,0.167,0.219,0.5,0.719,4,0.97,0.143,1.1,0.10%,1.23,,,DH
2020,8,218,14,7-Aug,LAA,@,TEX,"L,3-4",CG,4,4,0,0,0,0,0,0,0,0,3,0,0,0,0,0,0,0,0.147,0.194,0.441,0.636,3,1.4,-0.135,1.7,-0.10%,-1.01,,,DH
2020,9,219,15,8-Aug,LAA,@,TEX,"L,0-2",CG,4,4,0,0,0,0,0,0,0,0,2,0,0,0,0,0,0,0,0.132,0.175,0.395,0.57,4,1.34,-0.143,1.59,-0.10%,-1.13,,,DH
2020,10,220,16,9-Aug,LAA,@,TEX,"L,3-7",CG,4,3,1,2,1,0,0,0,1,0,1,0,0,0,0,0,0,0,0.171,0.227,0.439,0.666,4,1.01,0.089,1.14,0.06%,1.15,,,DH
2020,11,221,17,10-Aug,LAA,,OAK,"W,10-9",CG,5,4,1,2,1,0,1,2,1,0,0,0,0,0,0,0,0,0,0.2,0.265,0.533,0.799,5,1.23,0.333,1.17,0.19%,2.45,,,DH
2020,12,222,18,11-Aug,LAA,,OAK,"W,6-0",CG,5,4,1,2,0,0,0,0,1,0,1,0,0,0,0,0,1,0,0.224,0.296,0.531,0.827,5,0.47,0.065,0.5,0.04%,0.46,,,DH
2020,13,223,19,12-Aug,LAA,,OAK,"L,4-8",CG,4,3,0,0,0,0,0,0,1,0,1,0,0,0,0,0,0,0,0.212,0.293,0.5,0.793,5,0.85,-0.046,0.99,-0.03%,-0.62,,,DH
2020,14,224,20,14-Aug,LAA,,LAD,"L,4-7",CG,4,4,1,1,1,0,0,0,0,0,0,0,0,0,0,1,0,0,0.214,0.29,0.5,0.79,5,0.89,-0.114,0.81,-0.06%,-0.89,,,DH
2020,15,225,21,15-Aug,LAA,,LAD,"L,5-6",CG(10),4,4,0,0,0,0,0,0,0,0,1,0,0,0,0,0,0,0,0.2,0.273,0.467,0.739,5,1.32,-0.151,1.06,-0.07%,-1.25,,,DH
2020,16,226,22,16-Aug,LAA,,LAD,"L,3-8",CG,4,4,1,1,0,0,0,0,0,0,0,0,0,0,0,0,0,0,0.203,0.271,0.453,0.725,5,0.57,0.002,0.38,0.00%,-0.33,,,DH
2020,17,227,24 (1),18-Aug,LAA,,SFG,"L,2-8",CG,4,4,0,0,0,0,0,1,0,0,1,0,0,0,1,0,0,0,0.191,0.257,0.426,0.683,5,0.62,-0.034,0.4,-0.01%,-0.17,,,DH
2020,18,228,25,19-Aug,LAA,@,SFG,"L,2-7",CG,4,3,0,0,0,0,0,0,1,0,0,0,0,0,0,0,0,0,0.183,0.256,0.408,0.665,5,0.62,-0.037,0.35,-0.01%,-0.6,,,DH
2020,19,229,26,20-Aug,LAA,@,SFG,"L,5-10",CG,5,5,0,0,0,0,0,0,0,0,2,0,0,0,0,0,0,0,0.171,0.241,0.382,0.623,5,0.45,-0.062,0.19,-0.02%,-1.71,,,DH
2020,20,230,28 (1),22-Aug,LAA,@,OAK,"W,4-3",CG,4,3,0,0,0,0,0,0,1,0,1,0,0,0,0,0,0,0,0.165,0.241,0.367,0.608,5,1.03,0.038,0.27,0.01%,0.33,,,DH
2020,21,231,29,23-Aug,LAA,@,OAK,"L,4-5",CG(10),5,4,1,2,0,0,1,3,1,0,1,0,0,0,0,0,0,0,0.181,0.261,0.41,0.671,5,1.75,0.154,0.65,0.03%,1.56,,,DH
2020,22,232,30,24-Aug,LAA,@,HOU,"L,4-11",GS-8,4,4,0,0,0,0,0,0,0,0,2,0,0,0,0,0,0,0,0.172,0.25,0.391,0.641,2,0.86,-0.003,0.35,0.00%,-0.18,,,DH
2020,23,233,31,Aug 25 (1),LAA,@,HOU,"L,3-6",CG(7),3,2,1,0,0,0,0,0,1,0,1,0,0,0,0,0,0,0,0.169,0.253,0.382,0.635,5,0.28,-0.006,0.08,0.00%,0.11,,,DH
2020,24,234,32,Aug 25 (2),LAA,@,HOU,"W,12-5",CG(7),5,4,1,2,1,0,0,2,1,0,1,0,0,0,0,0,1,0,0.183,0.269,0.398,0.667,4,0.54,-0.034,0.09,0.00%,1.05,,,DH
2020,25,235,33,28-Aug,LAA,,SEA,"W,3-2",CG,4,3,1,1,1,0,0,0,1,0,2,0,0,0,0,0,1,0,0.188,0.278,0.406,0.684,2,1.29,0.116,0.27,0.01%,0.75,,,DH
2020,26,236,34,29-Aug,LAA,,SEA,"W,16-3",CG,6,5,1,0,0,0,0,2,1,0,3,0,0,0,0,0,0,0,0.178,0.272,0.386,0.658,2,0.42,-0.06,0.11,-0.01%,-0.88,,,DH
2020,27,237,35,30-Aug,LAA,,SEA,"L,1-2",CG(10),5,4,0,1,0,0,0,0,1,0,2,0,0,0,0,0,1,0,0.181,0.277,0.381,0.658,2,1.91,-0.207,0.5,-0.03%,-0.63,,,DH
2020,28,238,36,31-Aug,LAA,,SEA,"L,1-2",9-GF,1,1,0,1,0,0,0,0,0,0,0,0,0,0,0,0,0,0,0.189,0.283,0.387,0.67,9,3.56,0.135,0.65,0.02%,0.39,,,PH
2020,29,239,37,2-Sep,LAA,,SDP,"L,4-11",CG,4,2,1,0,0,0,0,0,2,0,1,0,0,0,0,0,0,0,0.185,0.29,0.38,0.67,1,0.52,-0.023,0.06,0.00%,0.1,,,DH
2020,30,240,38,3-Sep,LAA,,SDP,"W,2-0",CG,3,3,0,1,0,0,0,0,0,0,1,0,0,0,0,0,0,0,0.189,0.291,0.378,0.67,5,0.88,-0.028,0.06,0.00%,-0.12,,,DH
2020,31,241,39,4-Sep,LAA,,HOU,"W,6-5",CG(11),6,5,0,1,0,0,0,1,1,0,1,0,0,0,0,0,0,0,0.19,0.293,0.371,0.664,4,1.45,0.217,0.14,0.01%,-0.15,,,DH
2020,32,242,40,Sep 5 (1),LAA,,HOU,"W,10-9",CG(7),4,3,1,1,0,0,0,1,1,0,0,0,0,0,0,0,1,0,0.193,0.299,0.37,0.669,4,1.74,0.177,0.25,0.02%,1.11,,,DH
2020,33,243,41,Sep 5 (2),LAA,,HOU,"W,7-6",6-Jun,1,1,0,0,0,0,0,0,0,0,1,0,0,0,0,0,0,0,0.192,0.297,0.367,0.664,9,0.54,-0.015,0.12,0.00%,-0.11,,,PH
2020,34,244,43 (1),8-Sep,LAA,@,TEX,"L,1-7",CG,4,4,0,1,0,0,0,0,0,0,1,0,0,0,0,1,1,0,0.194,0.296,0.363,0.659,5,1.08,0.001,0.38,0.00%,-0.55,,,DH
2020,35,245,44,9-Sep,LAA,@,TEX,"L,3-7",CG,4,4,0,1,0,0,0,0,0,0,2,0,0,0,0,0,0,0,0.195,0.295,0.359,0.654,5,0.99,-0.072,0.24,-0.01%,-0.89,,,DH
2020,36,246,46 (1),11-Sep,LAA,@,COL,"L,4-8",CG,4,4,0,0,0,0,0,0,0,0,1,0,0,0,0,0,0,0,0.189,0.287,0.348,0.635,6,1.29,-0.136,0.44,-0.03%,-1.15,,,DH
2020,37,247,47,12-Sep,LAA,@,COL,"W,5-2",11-Nov,0,0,1,0,0,0,0,0,0,,0,0,0,,0,,0,0,0.189,0.287,0.348,0.635,7,,0,,0.00%,0,,,PR
2020,38,248,53 (5),19-Sep,LAA,,TEX,"W,4-3",CG,3,3,2,2,0,0,1,1,0,0,0,0,0,0,0,0,0,0,0.2,0.294,0.378,0.672,6,0.77,0.118,0.32,0.03%,1.28,,,DH
2020,39,249,54,20-Sep,LAA,,TEX,"L,2-7",CG,4,3,0,0,0,0,0,1,1,0,1,0,0,0,0,0,0,0,0.196,0.293,0.37,0.663,5,1.14,-0.055,0.52,-0.02%,-0.14,,,DH
2020,40,250,55,21-Sep,LAA,,TEX,"W,8-5",CG,4,2,2,0,0,0,0,0,2,0,2,0,0,0,0,0,0,0,0.193,0.298,0.364,0.662,5,0.85,0.092,0.09,0.01%,0.17,,,DH
2020,41,251,57 (1),23-Sep,LAA,@,SDP,"W,5-2",CG,4,4,1,1,0,0,1,2,0,0,1,0,0,0,0,0,0,0,0.194,0.297,0.382,0.679,5,1.1,0.087,0.28,0.01%,0.49,,,DH
2020,42,252,58,25-Sep,LAA,@,LAD,"L,5-9",9-GF,1,1,0,0,0,0,0,0,0,0,1,0,0,0,0,0,0,0,0.193,0.295,0.379,0.674,9,0.8,-0.019,0.12,0.00%,-0.38,,,PH
2020,43,253,59,26-Sep,LAA,@,LAD,"L,6-7",CG,5,4,0,0,0,0,0,0,1,0,2,0,0,0,0,0,0,0,0.188,0.292,0.369,0.662,4,1.84,-0.181,0,0.00%,-0.88,,,DH
2020,44,254,60,27-Sep,LAA,@,LAD,"L,0-5",CG,4,4,0,1,0,0,0,0,0,0,1,0,0,0,0,0,0,1,0.19,0.291,0.366,0.657,4,0.83,-0.058,0,0.00%,-0.73,,,DH
2021,1,255,1,1-Apr,LAA,,CHW,"W,4-3",CG,4,4,1,0,0,0,0,0,0,0,1,0,0,0,0,0,0,0,0,0,0,0,2,1.73,0.058,1.62,0.03%,0.02,,,DH
2021,2,256,2,2-Apr,LAA,,CHW,"L,8-12",CG,5,5,2,2,0,1,1,2,0,0,3,0,0,0,0,0,0,0,0.222,0.222,0.778,1,2,0.9,-0.037,0.89,-0.02%,1.64,,,DH
2021,3,257,3,3-Apr,LAA,,CHW,"W,5-3",CG,4,4,0,1,0,0,0,0,0,0,2,0,0,0,0,0,1,0,0.231,0.231,0.615,0.846,2,1.38,-0.031,1.31,-0.02%,-0.33,,,DH
2021,4,258,4,4-Apr,LAA,,CHW,"W,7-4",GS-5,3,3,1,1,0,0,1,1,0,0,0,0,0,0,0,0,0,0,0.25,0.25,0.75,1,2,0.7,0.055,0.68,0.03%,0.23,,,P
2021,5,259,5,5-Apr,LAA,,HOU,"W,7-6",9-Aug,1,0,1,0,0,0,0,0,0,0,0,1,0,0,0,0,0,0,0.25,0.294,0.75,1.044,8,4.26,0.151,4.98,0.11%,0.84,,,PH
2021,6,260,6,6-Apr,LAA,,HOU,"L,2-4",CG,4,4,1,2,0,0,0,0,0,0,0,0,0,0,0,0,1,0,0.3,0.333,0.7,1.033,2,0.99,0.006,1.23,0.00%,0.06,,,DH
2021,7,261,7,8-Apr,LAA,@,TOR,"W,7-5",CG(11),6,5,0,1,0,0,0,1,1,0,2,0,0,0,0,0,0,0,0.28,0.333,0.6,0.933,2,1.32,0.136,1.4,0.09%,0.14,,,DH
2021,8,262,8,9-Apr,LAA,@,TOR,"W,7-1",CG,5,5,1,2,1,0,1,4,0,0,1,0,0,0,0,0,0,0,0.3,0.344,0.7,1.044,2,0.72,0.232,0.8,0.15%,2.86,,,DH
2021,9,263,9,10-Apr,LAA,@,TOR,"L,1-15",CG,4,4,0,1,0,1,0,0,0,0,2,0,0,0,0,0,0,0,0.294,0.333,0.706,1.039,2,0.25,0.055,0.28,0.04%,-0.05,,,DH
2021,10,264,10,12-Apr,LAA,@,KCR,"W,10-3",CG,5,5,2,3,2,0,0,3,0,0,0,0,0,0,1,1,0,1,0.333,0.366,0.744,1.109,2,1.02,0.258,1.11,0.17%,3.93,,,DH
2021,11,265,11,13-Apr,LAA,@,KCR,"L,2-3",CG,5,5,1,3,0,0,1,1,0,0,0,0,0,0,0,0,0,0,0.364,0.391,0.795,1.187,2,1.4,0.188,1.55,0.13%,1.24,,,DH
2021,12,266,12,14-Apr,LAA,@,KCR,"L,1-6",CG,4,3,0,0,0,0,0,0,1,0,2,0,0,0,0,0,0,0,0.34,0.38,0.745,1.125,2,1.33,-0.015,1.45,-0.01%,-0.21,,,DH
2021,13,267,13,16-Apr,LAA,,MIN,"W,10-3",CG,4,4,1,1,0,0,0,0,0,0,1,0,0,0,0,0,0,0,0.333,0.37,0.706,1.076,2,1.2,0.106,1.29,0.07%,0.06,,,DH
2021,14,268,14,19-Apr,LAA,,TEX,"L,4-6",CG,4,4,0,0,0,0,0,0,0,0,2,0,0,0,0,1,0,0,0.309,0.345,0.655,0.999,2,1.14,-0.155,1.37,-0.11%,-1.7,,,DH
2021,15,269,16 (1),21-Apr,LAA,,TEX,"L,4-7",CG,4,3,1,1,0,0,1,1,0,0,2,1,0,0,0,0,0,0,0.31,0.355,0.69,1.044,2,0.6,0.083,0.71,0.06%,0.93,,,DH
2021,16,270,17,22-Apr,LAA,@,HOU,"L,2-8",CG,5,5,0,0,0,0,0,0,0,0,2,0,0,0,0,0,0,0,0.286,0.328,0.635,0.963,2,0.47,-0.062,0.51,-0.04%,-1.47,,,DH
2021,17,271,18,23-Apr,LAA,@,HOU,"L,4-5",CG(10),5,5,0,2,1,0,0,1,0,0,2,0,0,0,0,0,1,0,0.294,0.333,0.632,0.966,2,1.54,0.105,1.7,0.07%,1.13,,,DH
2021,18,272,19,24-Apr,LAA,@,HOU,"L,2-16",CG,4,4,1,1,0,0,1,1,0,0,0,0,0,0,0,0,0,0,0.292,0.329,0.653,0.982,2,0.26,0.08,0.27,0.05%,1.28,,,LF DH
2021,19,273,20,25-Apr,LAA,@,HOU,"W,4-2",CG,5,5,1,1,0,0,1,1,0,0,2,0,0,0,0,0,0,0,0.286,0.321,0.662,0.983,2,1.04,0.154,1.04,0.09%,-0.11,,,DH
2021,20,274,21,26-Apr,LAA,@,TEX,"W,9-4",GS-6,4,3,3,2,1,0,0,2,1,0,1,0,0,0,0,0,0,0,0.3,0.341,0.675,1.016,2,1.01,0.168,1.05,0.11%,2.05,,,P
2021,21,275,22,27-Apr,LAA,@,TEX,"L,1-6",CG,4,4,0,0,0,0,0,0,0,0,1,0,0,0,0,0,0,0,0.286,0.326,0.643,0.969,2,1.08,-0.113,1.17,-0.07%,-1.32,,,DH
2021,22,276,23,28-Apr,LAA,@,TEX,"W,4-3",CG,4,4,0,1,1,0,0,0,0,0,1,0,0,0,0,0,0,0,0.284,0.323,0.636,0.959,2,0.73,-0.05,0.74,-0.03%,-0.42,,,DH
2021,23,277,24,30-Apr,LAA,@,SEA,"L,4-7",CG,4,4,1,1,0,0,1,1,0,0,0,0,0,0,0,0,0,0,0.283,0.32,0.652,0.972,2,0.81,0.057,0.97,0.04%,0.44,,,DH
2021,24,278,25,1-May,LAA,@,SEA,"W,10-5",CG,5,4,1,0,0,0,0,1,1,0,0,0,0,0,0,0,1,0,0.271,0.314,0.625,0.939,2,0.47,0.043,0.52,0.03%,-0.49,,,DH
2021,25,279,26,2-May,LAA,@,SEA,"L,0-2",CG,4,3,0,0,0,0,0,0,0,0,0,1,0,0,1,0,2,0,0.263,0.311,0.606,0.917,2,1.18,0.002,1.41,0.00%,0.23,,,DH
2021,26,280,27,3-May,LAA,,TBR,"L,3-7",CG,4,4,1,2,1,0,1,2,0,0,1,0,0,0,0,0,0,1,0.272,0.318,0.641,0.959,2,1,0.009,0.98,0.01%,0.89,,,DH
2021,27,281,28,4-May,LAA,,TBR,"L,3-8",CG,4,3,1,0,0,0,0,0,1,0,0,0,0,0,0,0,0,0,0.264,0.316,0.623,0.938,2,0.77,-0.06,0.75,-0.04%,-0.12,,,DH
2021,28,282,30 (1),6-May,LAA,,TBR,"L,3-8",CG,4,4,1,2,0,0,1,2,0,0,2,0,0,0,0,0,0,0,0.273,0.322,0.645,0.967,2,0.54,0.142,0.45,0.07%,1.48,,,DH
2021,29,283,31,7-May,LAA,,LAD,"W,9-2",CG,5,5,1,2,2,0,0,2,0,0,1,0,0,0,0,0,0,0,0.278,0.325,0.652,0.977,2,0.34,0.031,0.27,0.01%,1.63,,,DH
2021,30,284,32,8-May,LAA,,LAD,"L,11-14",CG,5,5,2,1,0,0,0,0,0,0,1,0,0,0,1,0,0,0,0.275,0.32,0.633,0.954,2,0.34,-0.041,0.27,-0.02%,-0.08,,,DH
2021,31,285,33,9-May,LAA,,LAD,"W,2-1",CG,4,3,1,1,0,0,0,0,1,0,1,0,0,0,0,0,0,0,0.276,0.326,0.626,0.952,2,0.72,0.017,0.49,0.01%,0,,,DH
2021,32,286,34,10-May,LAA,@,HOU,"W,5-4",CG,5,5,0,0,0,0,0,0,0,0,3,0,0,0,0,0,0,0,0.266,0.314,0.602,0.915,2,1.02,-0.139,0.92,-0.08%,-1.28,,,DH
2021,33,287,35,11-May,LAA,@,HOU,"L,1-5",CG,4,4,0,1,0,0,0,0,0,0,2,0,0,0,0,0,0,0,0.265,0.312,0.591,0.903,2,0.9,0.021,0.89,0.01%,-0.2,,,P RF
2021,34,288,36,12-May,LAA,@,HOU,"L,1-9",CG,4,4,0,0,0,0,0,0,0,0,2,0,0,0,0,0,0,0,0.257,0.303,0.574,0.877,1,0.76,-0.077,0.72,-0.04%,-0.88,,,DH
2021,35,289,37,14-May,LAA,@,BOS,"L,3-4",CG,4,4,1,2,1,0,1,1,0,0,2,0,0,0,0,0,0,0,0.264,0.309,0.6,0.909,2,0.8,0.093,0.61,0.04%,1.13,,,DH
2021,36,290,38,15-May,LAA,@,BOS,"L,0-9",CG,4,4,0,1,0,0,0,0,0,0,3,0,0,0,0,0,0,0,0.264,0.307,0.59,0.897,2,0.68,-0.055,0.46,-0.02%,-1.04,,,DH
2021,37,291,39,16-May,LAA,@,BOS,"W,6-5",CG,5,5,1,1,0,0,1,2,0,0,1,0,0,0,1,0,0,0,0.262,0.304,0.597,0.901,3,1.06,0.667,0.7,0.27%,1.44,,,DH
2021,38,292,40,17-May,LAA,,CLE,"W,7-4",CG,5,3,2,1,0,0,1,3,2,0,2,0,0,0,0,0,0,0,0.263,0.313,0.612,0.925,2,0.8,0.21,0.53,0.08%,3.03,,,DH
2021,39,293,41,18-May,LAA,,CLE,"L,5-6",CG,4,3,2,2,0,0,1,1,1,1,0,0,0,0,0,0,0,0,0.271,0.323,0.632,0.956,2,1.43,0.041,0.99,0.02%,1.28,,,DH
2021,40,294,42,19-May,LAA,,CLE,"L,2-3",GS-7,3,3,0,1,0,0,0,0,0,0,0,0,0,0,0,0,0,1,0.272,0.324,0.627,0.95,2,1.5,-0.095,1.02,-0.04%,-0.76,,,P RF
2021,41,295,44 (1),May 20 (2),LAA,,MIN,"L,3-6",CG(7),3,3,0,0,0,0,0,0,0,0,3,0,0,0,0,0,0,0,0.267,0.318,0.615,0.933,2,1.32,-0.103,0.81,-0.04%,-0.75,,,DH
2021,42,296,45,21-May,LAA,,OAK,"L,4-8",CG,4,3,0,0,0,0,0,0,1,0,1,0,0,0,0,0,0,0,0.262,0.316,0.604,0.92,2,0.85,-0.048,0.6,-0.02%,-0.47,,,DH
2021,43,297,46,22-May,LAA,,OAK,"L,2-6",CG,4,4,0,2,1,1,0,1,0,0,2,0,0,0,0,0,0,0,0.268,0.32,0.619,0.939,2,0.76,-0.02,0.46,-0.01%,0.74,,,DH
2021,44,298,47,23-May,LAA,,OAK,"W,6-5",7-GF,1,0,0,0,0,0,0,1,0,0,0,0,0,1,0,0,0,0,0.268,0.319,0.619,0.938,4,4.95,0.023,2.82,0.01%,-0.09,,,PH RF
2021,45,299,48,25-May,LAA,,TEX,"W,11-5",CG,5,3,1,1,0,0,1,3,2,0,2,0,0,0,0,0,0,0,0.269,0.326,0.632,0.958,2,0.3,0.065,0.17,0.02%,2.38,,,DH
2021,46,300,49,26-May,LAA,,TEX,"W,9-8",CG,4,3,1,1,0,0,0,0,1,0,1,0,0,0,0,0,0,0,0.27,0.33,0.626,0.956,2,0.34,-0.017,0.23,-0.01%,0.1,,,DH
2021,47,301,50,27-May,LAA,@,OAK,"L,0-5",CG,4,3,0,0,0,0,0,0,1,0,1,0,0,0,0,0,0,0,0.266,0.328,0.616,0.944,2,0.64,0.006,0.52,0.00%,-0.2,,,DH
2021,48,302,52 (1),29-May,LAA,@,OAK,"W,4-0",CG,5,5,1,2,0,0,0,2,0,0,1,0,0,0,0,0,1,0,0.269,0.33,0.61,0.94,2,0.77,0.144,0.51,0.06%,1.4,,,DH
2021,49,303,53,30-May,LAA,@,OAK,"W,4-2",CG,5,4,0,0,0,0,0,0,1,0,1,0,0,0,1,0,0,0,0.263,0.327,0.597,0.924,2,0.57,-0.005,0.42,0.00%,-0.26,,,DH
2021,50,304,54,31-May,LAA,@,SFG,"L,1-6",9-GF,1,0,0,0,0,0,0,0,1,0,0,0,0,0,0,0,0,0,0.263,0.33,0.597,0.927,6,0.04,0.001,0.03,0.00%,0.26,,,PH
2021,51,305,56 (1),3-Jun,LAA,,SEA,"L,2-6",CG,4,4,0,0,0,0,0,0,0,0,3,0,0,0,0,0,0,0,0.258,0.324,0.584,0.908,2,1.23,-0.135,0.83,-0.06%,-1.35,,,DH
2021,52,306,57,4-Jun,LAA,,SEA,"W,3-2",GS-7,3,2,0,0,0,0,0,0,1,0,0,0,0,0,0,1,0,0,0.255,0.324,0.578,0.902,2,1.01,-0.074,0.65,-0.03%,-0.79,,,P
2021,53,307,58,5-Jun,LAA,,SEA,"W,12-5",CG,5,5,1,2,1,0,1,2,0,0,2,0,0,0,0,0,0,0,0.259,0.326,0.594,0.92,2,0.78,0.028,0.49,0.01%,1.26,,,DH
2021,54,308,59,6-Jun,LAA,,SEA,"L,5-9",CG,5,2,1,0,0,0,0,0,3,1,2,0,0,0,0,0,1,0,0.256,0.332,0.588,0.92,2,1.12,0.006,0.78,0.00%,0.53,,,DH
2021,55,309,60,7-Jun,LAA,,KCR,"W,8-3",CG,4,1,1,0,0,0,0,0,3,0,0,0,0,0,0,0,1,0,0.255,0.339,0.585,0.924,2,0.52,0.048,0.29,0.02%,0.78,,,DH
2021,56,310,61,8-Jun,LAA,,KCR,"W,8-1",CG,4,3,2,2,1,0,1,2,1,0,1,0,0,0,0,0,0,0,0.261,0.346,0.606,0.952,2,0.53,0.188,0.35,0.08%,2.36,,,DH
2021,57,311,62,9-Jun,LAA,,KCR,"W,6-1",CG,4,3,1,1,0,0,0,0,1,0,1,0,0,0,0,0,0,0,0.262,0.349,0.602,0.951,2,0.62,0.021,0.43,0.01%,0,,,DH
2021,58,312,63,11-Jun,LAA,@,ARI,"W,6-5",GS-7,4,4,1,2,2,0,0,1,0,0,0,0,0,0,0,0,0,0,0.267,0.351,0.61,0.961,2,1.12,0.259,0.87,0.12%,1.83,,,P RF
2021,59,313,64,12-Jun,LAA,@,ARI,"W,8-7",8-Aug,1,1,0,1,0,0,0,0,0,0,0,0,0,0,0,0,0,0,0.27,0.354,0.611,0.966,7,2.61,0.148,1.96,0.07%,0.96,,,PH
2021,60,314,65,13-Jun,LAA,@,ARI,"W,10-3",8-Aug,1,1,0,0,0,0,0,0,0,0,1,0,0,0,0,0,0,0,0.269,0.353,0.608,0.961,8,0.03,-0.001,0.02,0.00%,-0.24,,,PH
2021,61,315,66,14-Jun,LAA,@,OAK,"L,5-8",CG,5,5,0,1,0,0,0,0,0,0,1,0,0,0,0,0,0,0,0.267,0.35,0.599,0.949,2,0.75,-0.048,0.84,-0.03%,-0.99,,,DH
2021,62,316,67,15-Jun,LAA,@,OAK,"L,4-6",CG,4,4,1,1,0,0,1,1,0,0,1,0,0,0,0,1,0,0,0.267,0.348,0.606,0.954,2,1.11,-0.092,1.15,-0.06%,-0.18,,,DH
2021,63,317,68,16-Jun,LAA,@,OAK,"L,4-8",CG,4,4,1,2,0,0,1,1,0,0,0,0,0,0,0,0,1,0,0.271,0.35,0.618,0.968,2,0.63,0.069,0.53,0.04%,1.13,,,DH
2021,64,318,69,17-Jun,LAA,,DET,"W,7-5",GS-7,3,1,0,0,0,0,0,0,2,0,0,0,0,0,0,0,0,0,0.27,0.354,0.615,0.969,2,0.52,0.016,0.3,0.01%,0.15,,,P
2021,65,319,70,18-Jun,LAA,,DET,"W,11-3",CG,5,5,2,2,0,0,2,3,0,0,2,0,0,0,0,0,0,0,0.273,0.355,0.636,0.991,2,0.57,0.004,0.34,0.00%,1.26,,,DH
2021,66,320,71,19-Jun,LAA,,DET,"W,8-3",CG,5,4,1,1,0,0,1,2,1,1,1,0,0,0,0,0,0,0,0.272,0.356,0.643,0.998,2,0.55,0.089,0.36,0.04%,0.43,,,DH
2021,67,321,72,20-Jun,LAA,,DET,"L,3-5",CG(10),5,4,1,1,0,0,1,2,1,0,3,0,0,0,0,0,0,0,0.272,0.357,0.649,1.005,2,1.35,0.156,0.99,0.07%,0.74,,,DH
2021,68,322,73,22-Jun,LAA,,SFG,"L,0-5",CG,4,3,0,0,0,0,0,0,1,0,3,0,0,0,0,0,0,0,0.269,0.355,0.64,0.996,2,0.43,-0.012,0.28,0.00%,-0.41,,,DH
2021,69,323,74,23-Jun,LAA,,SFG,"L,3-9",GS-7,3,3,0,0,0,0,0,0,0,0,2,0,0,0,0,0,0,0,0.265,0.351,0.633,0.984,2,0.65,-0.05,0.35,-0.02%,-0.46,,,P
2021,70,324,75,25-Jun,LAA,@,TBR,"L,3-4",CG,4,4,1,2,0,0,1,1,0,0,1,0,0,0,0,0,0,0,0.269,0.353,0.643,0.996,1,1,0.138,0.46,0.04%,1.47,,,DH
2021,71,325,76,26-Jun,LAA,@,TBR,"L,3-13",CG,4,3,1,1,1,0,0,1,1,0,0,0,0,0,0,0,0,0,0.27,0.355,0.643,0.998,1,0.88,0.098,0.34,0.02%,0.93,,,DH
2021,72,326,77,27-Jun,LAA,@,TBR,"W,6-4",CG,5,4,2,3,1,1,1,3,1,0,1,0,0,0,0,0,1,0,0.277,0.363,0.668,1.031,2,1.51,0.537,0.5,0.11%,3.54,,,DH
2021,73,327,78,28-Jun,LAA,@,NYY,"W,5-3",CG,5,5,1,1,0,0,1,1,0,0,2,0,0,0,0,0,0,0,0.276,0.36,0.67,1.031,2,0.76,0.013,0.33,0.00%,0.01,,,DH
2021,74,328,79,29-Jun,LAA,@,NYY,"L,5-11",CG,5,5,2,2,0,0,2,3,0,0,0,0,0,0,0,0,0,0,0.278,0.361,0.688,1.049,2,0.35,0.093,0.17,0.03%,2.04,,,DH
2021,75,329,80,30-Jun,LAA,@,NYY,"W,11-8",GS-1,1,1,0,0,0,0,0,0,0,0,0,0,0,0,0,0,0,0,0.277,0.36,0.685,1.045,1,0.87,-0.022,0.39,-0.01%,-0.25,,,P
2021,76,330,81,2-Jul,LAA,,BAL,"W,8-7",CG,5,4,3,2,0,0,2,3,1,0,0,0,0,0,0,0,1,0,0.28,0.364,0.705,1.068,2,1.32,0.363,0.6,0.10%,2.81,,,DH
2021,77,331,82,3-Jul,LAA,,BAL,"W,4-1",CG,5,2,1,0,0,0,0,0,3,2,0,0,0,0,0,0,0,0,0.278,0.367,0.7,1.067,2,0.68,0.044,0.36,0.01%,0.48,,,DH
2021,78,332,83,4-Jul,LAA,,BAL,"W,6-5",CG,4,4,1,1,0,0,1,1,0,0,2,0,0,0,0,0,0,0,0.278,0.366,0.704,1.07,2,0.67,0.01,0.4,0.00%,0.18,,,DH
2021,79,333,84,5-Jul,LAA,,BOS,"L,4-5",CG,5,5,0,1,0,0,0,0,0,0,1,0,0,0,0,0,0,0,0.277,0.363,0.695,1.058,2,2.17,-0.286,1.44,-0.11%,-1.43,,,DH
2021,80,334,85,6-Jul,LAA,,BOS,"W,5-3",GS-8,4,4,1,1,1,0,0,1,0,0,2,0,0,0,0,0,0,0,0.276,0.362,0.692,1.054,2,1,0.023,0.6,0.01%,-0.51,,,P
2021,81,335,86,7-Jul,LAA,,BOS,"W,5-4",CG,4,4,2,2,0,0,1,1,0,0,2,0,0,0,0,0,0,0,0.279,0.364,0.7,1.064,2,1.11,0.183,0.74,0.07%,1.41,,,DH
2021,82,336,87,9-Jul,LAA,@,SEA,"L,3-7",CG,4,4,1,1,0,0,1,1,0,0,1,0,0,0,0,0,0,0,0.279,0.362,0.704,1.066,2,0.78,0.017,0.6,0.01%,0.31,,,DH
2021,83,337,88,10-Jul,LAA,@,SEA,"L,0-2",CG,4,3,0,0,0,0,0,0,1,0,2,0,0,0,0,0,0,1,0.276,0.361,0.697,1.058,2,1.21,-0.12,0.89,-0.05%,-0.91,,,DH
2021,84,338,89,11-Jul,LAA,@,SEA,"W,7-1",CG,5,4,1,2,1,0,0,0,1,0,1,0,0,0,0,0,0,0,0.279,0.364,0.698,1.062,2,0.54,0.022,0.35,0.01%,0.95,,,DH
2021,85,339,90,16-Jul,LAA,,SEA,"L,5-6",CG,5,5,0,1,0,0,0,2,0,0,2,0,0,0,0,0,0,0,0.278,0.362,0.69,1.052,2,1.09,-0.053,0.74,-0.02%,0.36,,,DH
2021,86,340,91,17-Jul,LAA,,SEA,"W,9-4",CG,5,5,0,0,0,0,0,0,0,0,4,0,0,0,0,0,0,0,0.273,0.357,0.678,1.035,2,0.4,-0.065,0.22,-0.02%,-1.62,,,DH
2021,87,341,92,18-Jul,LAA,,SEA,"L,4-7",CG,5,3,1,2,0,0,1,2,2,0,1,0,0,0,0,0,0,0,0.277,0.363,0.688,1.051,2,0.69,0.047,0.44,0.02%,2.32,,,DH
2021,88,342,93,19-Jul,LAA,@,OAK,"L,1-4",GS-8,4,4,0,1,1,0,0,0,0,0,1,0,0,0,0,0,0,0,0.277,0.362,0.686,1.047,2,1.13,-0.127,0.7,-0.05%,-1.19,,,P RF
2021,89,343,94,20-Jul,LAA,@,OAK,"L,0-6",CG,4,3,0,0,0,0,0,0,1,0,3,0,0,0,0,0,0,0,0.274,0.361,0.679,1.04,2,0.92,-0.05,0.46,-0.02%,-0.58,,,DH
2021,90,344,95,22-Jul,LAA,@,MIN,"W,3-2",CG,4,4,0,0,0,0,0,0,0,0,3,0,0,0,0,0,0,0,0.271,0.357,0.671,1.028,2,0.92,-0.09,0.31,-0.02%,-0.88,,,DH
2021,91,345,97 (1),24-Jul,LAA,@,MIN,"W,2-1",CG,4,4,1,2,2,0,0,0,0,0,1,0,0,0,0,0,0,0,0.274,0.358,0.675,1.033,2,0.57,0.019,0.19,0.00%,0.16,,,DH
2021,92,346,98,25-Jul,LAA,@,MIN,"W,6-2",CG,4,3,1,2,0,0,1,1,1,1,1,0,0,0,0,0,1,1,0.277,0.362,0.684,1.046,2,1.06,0.175,0.39,0.04%,1.16,,,DH
2021,93,347,99,26-Jul,LAA,,COL,"W,6-2",GS-8,4,4,1,1,0,0,0,1,0,0,2,0,0,0,0,0,1,0,0.277,0.361,0.679,1.04,2,0.68,0.049,0.29,0.01%,0.38,,,P
2021,94,348,100,27-Jul,LAA,,COL,"L,3-12",CG,5,4,1,1,0,0,1,2,1,0,2,0,0,0,0,0,0,0,0.276,0.362,0.682,1.044,2,0.64,-0.07,0.32,-0.02%,0.56,,,DH
2021,95,349,101,28-Jul,LAA,,COL,"W,8-7",CG,5,3,2,2,0,0,1,3,2,0,1,0,0,0,0,0,0,0,0.28,0.367,0.691,1.058,2,1.27,0.463,0.51,0.11%,3.46,,,DH
2021,96,350,102,29-Jul,LAA,,OAK,"L,0-4",CG,4,1,0,0,0,0,0,0,3,0,1,0,0,0,0,0,1,0,0.279,0.371,0.689,1.06,2,0.67,0.039,0.36,0.01%,0.44,,,DH
2021,97,351,103,30-Jul,LAA,,OAK,"L,0-2",CG,4,4,0,1,0,0,0,0,0,0,1,0,0,0,0,0,0,1,0.279,0.37,0.684,1.054,2,1.57,-0.135,0.65,-0.03%,-1.05,,,DH
2021,98,352,104,31-Jul,LAA,,OAK,"W,1-0",CG,4,4,0,1,1,0,0,1,0,0,3,0,0,0,0,0,0,0,0.278,0.369,0.682,1.051,2,0.99,0.1,0.29,0.02%,0.9,,,DH
2021,99,353,105,1-Aug,LAA,,OAK,"L,3-8",CG,4,4,0,0,0,0,0,0,0,0,0,0,0,0,0,2,0,0,0.275,0.365,0.674,1.039,2,1.06,-0.136,0.39,-0.03%,-1.74,,,DH
2021,100,354,106,2-Aug,LAA,@,TEX,"L,1-4",CG,4,4,0,0,0,0,0,0,0,0,2,0,0,0,0,0,0,0,0.272,0.362,0.667,1.028,2,0.62,-0.067,0.16,-0.01%,-0.62,,,DH
2021,101,355,107,3-Aug,LAA,@,TEX,"W,11-3",CG,5,5,2,2,1,0,0,0,0,0,1,0,0,0,0,0,0,0,0.274,0.362,0.666,1.028,2,0.84,-0.011,0.18,0.00%,0.11,,,DH
2021,102,356,108,4-Aug,LAA,@,TEX,"W,2-1",GS-7,3,3,0,0,0,0,0,0,0,0,1,0,0,0,0,0,0,0,0.272,0.36,0.66,1.02,2,1.04,-0.085,0.26,-0.01%,-0.91,,,P
2021,103,357,109,5-Aug,LAA,@,TEX,"W,5-0",CG,5,3,0,0,0,0,0,0,2,0,2,0,0,0,0,0,0,0,0.27,0.36,0.655,1.015,2,0.56,-0.013,0.16,0.00%,-0.57,,,DH
2021,104,358,110,6-Aug,LAA,@,LAD,"W,4-3",10-Oct,1,0,0,0,0,0,0,0,1,1,0,0,0,0,0,0,0,1,0.27,0.362,0.655,1.016,7,2.16,-0.037,0.75,-0.01%,-0.5,,,PH
2021,105,359,111,7-Aug,LAA,@,LAD,"L,3-5",8-Aug,1,1,0,0,0,0,0,0,0,0,1,0,0,0,0,0,0,0,0.269,0.361,0.653,1.014,8,3.52,-0.092,1.59,-0.03%,-0.45,,,PH
2021,106,360,112,8-Aug,LAA,@,LAD,"L,2-8",8-GF,1,0,0,0,0,0,0,0,1,0,0,0,0,0,0,0,0,0,0.269,0.362,0.653,1.015,8,0.21,0.006,0.07,0.00%,0.17,,,PH RF
2021,107,361,113,Aug 10 (1),LAA,,TOR,"W,6-3",CG(7),4,3,1,0,0,0,0,0,1,1,1,0,0,0,0,0,1,0,0.267,0.361,0.648,1.009,2,1.41,0.029,0.37,0.00%,0.44,,,DH
2021,108,362,114,Aug 10 (2),LAA,,TOR,"L,0-4",CG(7),4,4,0,1,0,1,0,0,0,0,2,0,0,0,0,0,0,0,0.266,0.36,0.649,1.009,1,1.29,-0.013,0.35,0.00%,-0.29,,,DH
2021,109,363,115,11-Aug,LAA,,TOR,"L,2-10",CG,4,3,1,1,0,0,1,2,1,0,1,0,0,0,0,0,0,0,0.267,0.361,0.654,1.016,1,0.79,0.159,0.2,0.02%,1.3,,,DH
2021,110,364,116,12-Aug,LAA,,TOR,"W,6-3",GS-7,4,3,1,1,1,0,0,0,1,0,1,0,0,0,0,0,0,0,0.268,0.363,0.655,1.017,1,0.61,0.06,0.1,0.01%,0.28,,,P
2021,111,365,117,13-Aug,LAA,,HOU,"L,1-4",CG,4,4,0,1,0,0,0,1,0,0,1,0,0,0,0,0,0,0,0.267,0.362,0.65,1.012,1,0.92,-0.004,0.18,0.00%,0.43,,,DH
2021,112,366,118,14-Aug,LAA,,HOU,"L,2-8",CG,5,5,1,2,0,0,1,1,0,0,1,0,0,0,0,0,1,0,0.269,0.362,0.655,1.017,1,0.86,0.111,0.11,0.01%,0.75,,,DH
2021,113,367,119,15-Aug,LAA,,HOU,"W,3-1",CG,4,4,0,2,0,0,0,0,0,0,2,0,0,0,0,0,0,0,0.271,0.363,0.653,1.017,1,1.54,0.069,0.1,0.00%,0.31,,,DH
2021,114,368,120,16-Aug,LAA,@,NYY,"L,1-2",CG,4,4,0,0,0,0,0,0,0,0,2,0,0,0,0,0,0,0,0.269,0.36,0.647,1.007,1,1.02,-0.106,0.11,-0.01%,-0.77,,,DH
2021,115,369,121,17-Aug,LAA,@,DET,"W,8-2",CG,6,3,1,1,0,0,0,0,3,1,1,0,0,0,0,0,1,1,0.269,0.364,0.644,1.008,1,0.94,0,0.04,0.00%,0.41,,,DH
2021,116,370,122,18-Aug,LAA,@,DET,"W,3-1",GS-9,4,4,1,1,0,0,1,1,0,0,1,0,0,0,0,0,0,0,0.269,0.363,0.648,1.011,1,0.82,0.058,0.08,0.00%,0.36,,,P
2021,117,371,123,19-Aug,LAA,@,DET,"W,13-10",CG,6,3,2,2,0,0,0,1,2,0,0,0,0,1,0,0,0,0,0.272,0.367,0.648,1.015,1,0.81,0.104,0.11,0.01%,1.29,,,DH
2021,118,372,124,20-Aug,LAA,@,CLE,"L,1-9",CG,4,4,0,1,0,0,0,0,0,0,1,0,0,0,1,0,0,0,0.272,0.366,0.644,1.01,1,0.57,-0.013,0.09,0.00%,0.06,,,DH
2021,119,373,125,21-Aug,LAA,@,CLE,"L,1-5",CG,4,4,0,0,0,0,0,0,0,0,3,0,0,0,0,0,0,0,0.269,0.363,0.638,1.001,1,0.72,-0.078,0.06,0.00%,-0.93,,,DH
2021,120,374,126,22-Aug,LAA,@,CLE,"L,0-3",CG,4,2,0,1,0,0,0,0,2,0,1,0,0,0,0,0,1,0,0.27,0.366,0.637,1.003,1,1.18,0.121,0.07,0.01%,0.96,,,DH
2021,121,375,127,24-Aug,LAA,@,BAL,"W,14-8",CG,6,4,0,1,0,0,0,0,2,1,2,0,0,0,0,0,0,0,0.27,0.368,0.634,1.001,1,0.26,-0.028,0.01,0.00%,-0.52,,,DH
2021,122,376,128,25-Aug,LAA,@,BAL,"L,6-10",GS-6,4,4,0,0,0,0,0,0,0,0,3,0,0,0,0,0,0,0,0.267,0.365,0.628,0.993,1,0.75,-0.074,0.05,0.00%,-0.95,,,P
2021,123,377,129,26-Aug,LAA,@,BAL,"L,1-13",CG,4,2,1,1,0,0,1,1,2,0,0,0,0,0,0,0,0,0,0.269,0.368,0.634,1.002,1,0.93,0.087,0.03,0.00%,1.29,,,DH
2021,124,378,130,27-Aug,LAA,,SDP,"L,0-5",CG,4,4,0,0,0,0,0,0,0,0,0,0,0,0,0,0,0,0,0.266,0.365,0.628,0.993,1,0.62,-0.064,0.01,0.00%,-0.99,,,DH
2021,125,379,131,28-Aug,LAA,,SDP,"W,10-2",CG,5,4,2,0,0,0,0,0,1,0,2,0,0,0,0,0,1,0,0.264,0.363,0.623,0.986,2,0.47,-0.029,0.01,0.00%,-1.14,,,DH
2021,126,380,132,30-Aug,LAA,,NYY,"W,8-7",CG,4,4,1,1,0,0,1,1,0,0,3,0,0,0,0,0,0,0,0.264,0.362,0.626,0.989,2,1.12,0.052,0.02,0.00%,0.32,,,DH
2021,127,381,133,31-Aug,LAA,,NYY,"W,6-4",CG,4,2,2,0,0,0,0,0,2,1,0,0,0,0,0,0,2,0,0.262,0.363,0.623,0.987,2,1,0.078,0.02,0.00%,1.08,,,DH
2021,128,382,134,1-Sep,LAA,,NYY,"L,1-4",CG,4,4,0,0,0,0,0,0,0,0,3,0,0,0,0,0,0,0,0.26,0.361,0.618,0.978,2,1.14,-0.134,0.04,0.00%,-1.13,,,DH
2021,129,383,135,3-Sep,LAA,,TEX,"W,3-2",GS-8,4,4,0,0,0,0,0,0,0,0,1,0,0,0,0,1,0,0,0.258,0.358,0.612,0.97,2,1.44,-0.179,0.02,0.00%,-1.67,,,P
2021,130,384,136,4-Sep,LAA,,TEX,"W,4-1",CG,4,4,1,2,0,0,1,3,0,0,0,0,0,0,0,0,0,1,0.26,0.359,0.618,0.977,2,0.62,0.093,0.01,0.00%,1.39,,,DH
2021,131,385,137,5-Sep,LAA,,TEX,"L,3-7",CG,5,4,0,0,0,0,0,0,1,0,3,0,0,0,0,0,1,0,0.258,0.358,0.613,0.97,2,0.51,-0.019,0.01,0.00%,-0.51,,,DH
2021,132,386,138,6-Sep,LAA,,TEX,"L,0-4",CG,4,4,0,0,0,0,0,0,0,0,2,0,0,0,0,0,0,0,0.255,0.355,0.607,0.962,2,0.7,-0.075,0.01,0.00%,-0.78,,,DH
2021,133,387,139,7-Sep,LAA,@,SDP,"W,4-0",8-Aug,1,1,0,1,0,0,0,0,0,0,0,0,0,0,0,0,0,0,0.257,0.356,0.608,0.964,8,0.52,0.015,0,0.00%,0.29,,,PH
2021,134,388,141 (1),10-Sep,LAA,@,HOU,"L,5-10",GS-4,3,1,1,1,0,0,1,1,2,1,0,0,0,0,0,0,0,0,0.259,0.36,0.615,0.975,2,0.91,0.128,0,0.00%,1.39,,,P
2021,135,389,142,11-Sep,LAA,@,HOU,"W,4-2",CG,5,4,1,1,0,0,0,0,1,0,0,0,0,0,0,0,0,0,0.258,0.36,0.612,0.972,2,0.74,-0.001,0,0.00%,-0.01,,,DH
2021,136,390,143,12-Sep,LAA,@,HOU,"L,1-3",CG,4,3,0,1,0,0,0,0,1,0,0,0,0,0,0,0,0,0,0.259,0.361,0.611,0.972,2,1.18,0.088,0,0.00%,0.73,,,DH
2021,137,391,144,14-Sep,LAA,@,CHW,"L,3-9",CG,5,4,0,0,0,0,0,0,1,0,3,0,0,0,0,0,0,0,0.257,0.36,0.605,0.965,2,0.46,-0.013,0,0.00%,-0.6,,,DH
2021,138,392,145,15-Sep,LAA,@,CHW,"W,3-2",CG,5,5,0,0,0,0,0,0,0,0,2,0,0,0,0,0,0,0,0.254,0.356,0.599,0.956,2,1.32,-0.12,0,0.00%,-1.07,,,DH
2021,139,393,146,16-Sep,LAA,@,CHW,"W,9-3",CG,5,4,1,2,0,0,0,0,0,0,2,1,0,0,0,0,0,0,0.256,0.359,0.598,0.957,3,0.18,0.009,0,0.00%,0.78,,,DH
2021,140,394,147,17-Sep,LAA,,OAK,"L,4-5",CG,4,4,0,1,0,0,0,0,0,0,1,0,0,0,0,0,0,0,0.256,0.358,0.596,0.953,3,0.95,-0.007,0,0.00%,-0.01,,,DH
2021,141,395,148,18-Sep,LAA,,OAK,"L,1-3",CG,4,4,1,2,0,0,0,0,0,0,1,0,0,0,0,0,0,0,0.258,0.359,0.595,0.954,3,1.02,0.118,0,0.00%,0.5,,,DH
2021,142,396,149,19-Sep,LAA,,OAK,"L,2-3",GS-9,4,2,0,0,0,0,0,0,2,1,1,0,0,0,0,0,0,0,0.257,0.36,0.592,0.952,2,1.02,-0.017,0,0.00%,0.03,,,P
2021,143,397,150,20-Sep,LAA,,HOU,"L,0-10",CG,4,4,0,0,0,0,0,0,0,0,1,0,0,0,0,0,0,0,0.255,0.357,0.588,0.945,3,0.9,-0.091,0,0.00%,-0.93,,,DH
2021,144,398,151,21-Sep,LAA,,HOU,"L,5-10",CG,4,4,2,2,0,0,1,1,0,0,0,0,0,0,0,0,0,0,0.257,0.358,0.593,0.951,2,0.32,-0.012,0,0.00%,1.38,,,DH
2021,145,399,152,22-Sep,LAA,,HOU,"L,5-9",CG(12),6,2,0,0,0,0,0,0,4,2,1,0,0,0,0,0,0,1,0.256,0.361,0.591,0.952,3,1.03,-0.027,0,0.00%,-0.11,,,DH
2021,146,400,153,23-Sep,LAA,,HOU,"W,3-2",CG,4,1,1,0,0,0,0,0,3,0,1,0,0,0,0,0,1,0,0.255,0.364,0.589,0.953,2,1.08,0.111,0,0.00%,1.15,,,DH
2021,147,401,154,24-Sep,LAA,,SEA,"L,5-6",CG,5,1,0,0,0,0,0,0,4,2,1,0,0,0,0,0,0,0,0.255,0.368,0.588,0.956,2,1.55,0.219,0,0.00%,0.96,,,DH
2021,148,402,155,25-Sep,LAA,,SEA,"W,14-1",CG,5,3,3,2,0,2,0,3,2,0,1,0,0,0,0,0,0,0,0.257,0.371,0.596,0.968,2,0.53,0.247,0,0.00%,4.57,,,DH
2021,149,403,156,26-Sep,LAA,,SEA,"L,1-5",GS-8,3,3,0,1,0,0,0,0,0,0,0,0,0,0,0,0,0,0,0.258,0.371,0.595,0.966,2,0.88,-0.011,0,0.00%,-0.09,,,P
2021,150,404,157,28-Sep,LAA,@,TEX,"L,2-5",CG,4,3,0,0,0,0,0,0,1,0,1,0,0,0,0,0,0,0,0.256,0.37,0.592,0.962,2,0.83,-0.045,0,0.00%,-0.39,,,DH
2021,151,405,158,29-Sep,LAA,@,TEX,"W,7-2",CG,5,5,1,2,0,0,0,0,0,0,1,0,0,0,0,0,2,0,0.258,0.37,0.59,0.96,1,0.73,0.084,0,0.00%,0.96,,,DH
2021,152,406,159,30-Sep,LAA,@,TEX,"L,6-7",CG,5,5,1,2,1,1,0,1,0,0,1,0,0,0,0,0,0,0,0.259,0.371,0.594,0.964,2,1.2,0.059,0,0.00%,1.01,,,DH
2021,153,407,160,1-Oct,LAA,@,SEA,"W,2-1",CG,4,3,0,0,0,0,0,0,1,1,1,0,0,0,0,0,0,0,0.258,0.37,0.59,0.96,2,0.68,-0.013,0,0.00%,0.01,,,DH
2021,154,408,161,2-Oct,LAA,@,SEA,"L,4-6",CG,4,2,1,0,0,0,0,0,2,0,0,0,0,0,0,0,0,0,0.257,0.371,0.588,0.959,2,1.23,0.133,0,0.00%,0.73,,,DH
2021,155,409,162,3-Oct,LAA,@,SEA,"W,7-3",CG,5,3,1,1,0,0,1,1,2,2,2,0,0,0,0,0,0,0,0.257,0.372,0.592,0.965,1,0.51,0.096,0,0.00%,1.11,,,DH
2022,1,410,1,7-Apr,LAA,,HOU,"L,1-3",CG,4,4,0,0,0,0,0,0,0,0,1,0,0,0,0,0,0,0,0,0,0,0,1,1.03,-0.108,0.98,-0.06%,-0.79,0,0,DH
2022,2,411,2,8-Apr,LAA,,HOU,"L,6-13",CG,5,5,1,1,0,0,0,0,0,0,0,0,0,0,0,0,0,0,0.111,0.111,0.111,0.222,1,0.62,-0.017,0.6,-0.01%,-0.47,5,6.2,DH
2022,3,412,3,9-Apr,LAA,,HOU,"W,2-0",CG,4,4,0,0,0,0,0,0,0,0,3,0,0,0,0,0,0,0,0.077,0.077,0.077,0.154,1,0.81,-0.118,0.73,-0.06%,-1.36,0,0,DH
2022,4,413,4,10-Apr,LAA,,HOU,"L,1-4",CG,4,4,0,1,1,0,0,0,0,0,1,0,0,0,0,0,0,0,0.118,0.118,0.176,0.294,1,1.14,-0.01,1.06,-0.01%,0.19,5,6,DH
2022,5,414,5,11-Apr,LAA,,MIA,"W,6-2",CG,4,4,1,1,0,0,0,0,0,0,0,0,0,0,0,0,1,0,0.143,0.143,0.19,0.333,1,0.63,0.036,0.49,0.02%,0.01,10,12.2,DH
2022,6,415,6,12-Apr,LAA,,MIA,"W,4-3",CG,4,4,0,1,0,0,0,0,0,0,3,0,0,0,0,0,0,1,0.16,0.16,0.2,0.36,1,1.17,-0.071,0.95,-0.03%,-0.53,3,3,DH
2022,7,416,7,14-Apr,LAA,@,TEX,"L,5-10",CG,5,4,1,1,1,0,0,0,1,0,2,0,0,0,0,0,0,0,0.172,0.2,0.241,0.441,1,0.63,-0.041,0.61,-0.02%,0.15,9,12.2,DH
2022,8,417,8,15-Apr,LAA,@,TEX,"W,9-6",CG,5,5,2,2,0,0,2,3,0,0,2,0,0,0,0,0,0,0,0.206,0.229,0.441,0.67,1,0.74,0.223,0.7,0.13%,2.14,30,40.9,DH
2022,9,418,9,16-Apr,LAA,@,TEX,"W,7-2",CG,5,5,3,2,0,0,1,3,0,0,1,0,0,0,1,0,1,0,0.231,0.25,0.513,0.763,1,1.11,0.166,1.11,0.10%,2.25,30,41.1,DH
2022,10,419,10,17-Apr,LAA,@,TEX,"W,8-3",CG,5,5,1,1,0,0,0,1,0,0,2,0,0,0,1,0,0,0,0.227,0.244,0.477,0.722,1,0.84,0.062,0.85,0.04%,0.53,7,9.7,DH
2022,11,420,11,18-Apr,LAA,@,HOU,"L,3-8",CG,4,3,0,1,0,0,0,0,1,1,1,0,0,0,0,0,0,0,0.234,0.265,0.468,0.733,1,1.36,0.033,1.48,0.02%,0.22,5,6,DH
2022,12,421,12,19-Apr,LAA,@,HOU,"W,7-2",CG,5,4,0,0,0,0,0,0,1,0,1,0,0,0,0,0,0,0,0.216,0.259,0.431,0.691,1,0.56,-0.015,0.62,-0.01%,-0.65,2,3,DH
2022,13,422,13,20-Apr,LAA,@,HOU,"W,6-0",CG,5,4,1,2,1,0,0,2,1,0,0,0,0,0,0,0,0,0,0.236,0.288,0.455,0.743,1,0.5,0.108,0.55,0.07%,2.01,16,22.2,DH
2022,14,423,14,22-Apr,LAA,,BAL,"L,3-5",CG,4,4,0,0,0,0,0,0,0,0,3,0,0,0,0,1,0,0,0.22,0.27,0.424,0.694,1,1.14,-0.153,1.23,-0.10%,-1.08,0,0,DH
2022,15,424,15,23-Apr,LAA,,BAL,"L,4-5",CG,5,4,0,0,0,0,0,0,1,0,2,0,0,0,0,0,1,0,0.206,0.265,0.397,0.662,1,1.78,-0.118,1.91,-0.08%,-1.03,7,9,DH
2022,16,425,16,24-Apr,LAA,,BAL,"W,7-6",CG,5,4,2,3,0,0,0,0,1,0,0,0,0,0,0,0,0,1,0.239,0.301,0.418,0.719,1,0.56,0.089,0.56,0.05%,0.56,15,18.4,DH
2022,17,426,17,25-Apr,LAA,,CLE,"W,3-0",CG,4,4,0,0,0,0,0,0,0,0,2,0,0,0,0,0,0,0,0.225,0.286,0.394,0.68,2,0.48,-0.047,0.5,-0.03%,-0.57,0,0,DH
2022,18,427,18,26-Apr,LAA,,CLE,"W,4-1",CG,4,4,1,1,0,0,0,0,0,0,1,0,0,0,0,0,0,0,0.227,0.284,0.387,0.671,2,0.46,-0.037,0.5,-0.02%,-0.55,5,6.2,DH
2022,19,428,19,27-Apr,LAA,,CLE,"W,9-5",CG,5,5,1,3,1,0,0,1,0,0,0,0,0,0,0,0,0,0,0.25,0.302,0.413,0.715,2,0.4,-0.012,0.44,-0.01%,0.92,15,18.7,DH
2022,20,429,21 (1),29-Apr,LAA,@,CHW,"W,5-1",CG,5,5,3,2,0,0,1,1,0,0,1,0,0,0,0,0,1,0,0.259,0.308,0.447,0.755,4,0.57,0.065,0.66,0.05%,0.44,26,34.1,DH
2022,21,430,22,30-Apr,LAA,@,CHW,"L,0-4",CG,4,4,0,0,0,0,0,0,0,0,1,0,0,0,0,0,0,0,0.247,0.295,0.427,0.722,4,0.51,-0.053,0.6,-0.04%,-0.71,0,0,DH
2022,22,431,23,1-May,LAA,@,CHW,"W,6-5",GS-9,4,3,0,0,0,0,0,1,1,0,0,0,0,0,0,1,0,0,0.239,0.293,0.413,0.706,3,0.82,-0.015,0.97,-0.01%,-1.65,4,6.5,DH
2022,23,432,24,2-May,LAA,@,CHW,"L,0-3",8-Aug,1,1,0,0,0,0,0,0,0,0,0,0,0,0,0,0,0,0,0.237,0.29,0.409,0.699,9,0.58,-0.017,0.7,-0.01%,-0.22,0,0,PH
2022,24,433,25,3-May,LAA,@,BOS,"L,0-4",CG,4,4,0,1,0,0,0,0,0,0,1,0,0,0,0,0,0,0,0.237,0.288,0.402,0.691,3,0.74,-0.009,0.87,-0.01%,-0.15,3,3,DH
2022,25,434,26,4-May,LAA,@,BOS,"W,10-5",CG(10),5,3,1,0,0,0,0,0,2,0,1,0,0,0,0,0,0,0,0.23,0.294,0.39,0.684,3,1.35,0.06,1.55,0.04%,0.15,6,9.2,DH
2022,26,435,27,5-May,LAA,@,BOS,"W,8-0",CG,4,4,1,2,0,0,0,1,0,0,0,0,0,0,0,0,0,0,0.24,0.301,0.394,0.695,3,0.95,0.043,1.12,0.03%,1.32,10,12.7,DH
2022,27,436,28,6-May,LAA,,WSN,"W,3-0",CG,4,3,0,0,0,0,0,1,1,1,1,0,0,0,0,0,0,0,0.234,0.299,0.383,0.682,3,0.72,-0.042,0.79,-0.03%,-0.59,4,6.5,DH
2022,28,437,29,7-May,LAA,,WSN,"L,3-7",CG,4,4,0,1,0,0,0,0,0,0,0,0,0,0,0,0,0,0,0.234,0.298,0.378,0.676,3,0.89,-0.064,1.05,-0.05%,-0.63,3,3,DH
2022,29,438,30,8-May,LAA,,WSN,"W,5-4",CG,5,4,1,1,1,0,0,2,1,0,1,0,0,0,0,0,0,0,0.235,0.302,0.383,0.684,3,1.82,0.456,2.06,0.31%,1.48,13,19.2,DH
2022,30,439,31,9-May,LAA,,TBR,"W,11-3",CG,4,4,3,3,0,0,2,5,0,0,0,0,0,0,0,0,0,0,0.252,0.315,0.445,0.761,3,0.55,0.07,0.69,0.05%,3.45,39,54.1,DH
2022,31,440,32,10-May,LAA,,TBR,"W,12-0",CG,5,5,1,2,1,0,0,0,0,0,0,0,0,0,0,0,0,0,0.258,0.319,0.452,0.77,3,0.4,-0.006,0.5,0.00%,0.25,10,12.2,DH
2022,32,441,33,11-May,LAA,,TBR,"L,2-4",CG(10),4,4,0,1,0,0,0,0,0,0,1,0,0,0,0,0,1,0,0.258,0.317,0.445,0.762,3,0.98,-0.032,1.24,-0.02%,-0.08,8,9,DH
2022,33,442,34,13-May,LAA,@,OAK,"W,2-0",CG,4,4,0,0,0,0,0,0,0,0,1,0,0,0,0,0,0,0,0.25,0.308,0.432,0.74,3,0.58,-0.057,0.74,-0.04%,-0.72,0,0,DH
2022,34,443,35,May 14 (1),LAA,@,OAK,"L,3-4",CG,5,4,0,2,1,0,0,1,1,0,0,0,0,0,0,0,0,0,0.257,0.318,0.441,0.759,3,1.03,-0.017,1.27,-0.01%,0.17,12,15.5,DH
2022,35,444,36,May 14 (2),LAA,@,OAK,"W,9-1",CG,5,5,1,1,0,0,1,2,0,0,0,0,0,0,0,1,0,0,0.255,0.314,0.454,0.768,3,0.35,-0.035,0.44,-0.03%,-0.07,16,22.2,DH
2022,36,445,37,15-May,LAA,@,OAK,"W,4-1",CG,4,3,1,2,0,0,1,2,1,1,0,0,0,0,0,0,0,1,0.264,0.325,0.479,0.804,3,0.94,0.177,1.16,0.13%,1.76,21,28.2,DH
2022,37,446,38,16-May,LAA,@,TEX,"L,4-7",CG,4,4,1,1,1,0,0,1,0,0,3,0,0,0,0,0,0,0,0.264,0.323,0.48,0.803,3,0.88,0.052,1.09,0.04%,0.73,9,12.7,DH
2022,38,447,39,17-May,LAA,@,TEX,"L,5-10",GS-9,5,5,0,1,0,0,0,0,0,0,2,0,0,0,0,0,0,0,0.261,0.319,0.471,0.79,3,1.16,-0.139,1.46,-0.11%,-1.03,3,3,DH
2022,39,448,40,18-May,LAA,@,TEX,"L,5-6",CG(10),5,5,0,0,0,0,0,0,0,0,2,0,0,0,0,1,0,0,0.253,0.31,0.456,0.766,3,1.36,-0.195,1.7,-0.15%,-1.7,0,0,DH
2022,40,449,41,20-May,LAA,,OAK,"L,2-4",CG,4,3,1,0,0,0,0,0,1,0,3,0,0,0,0,0,1,0,0.248,0.309,0.447,0.756,3,0.78,-0.055,0.97,-0.04%,-0.48,9,12.2,DH
2022,41,450,42,21-May,LAA,,OAK,"W,5-3",CG,4,4,1,2,0,0,0,0,0,0,0,0,0,0,0,0,0,0,0.255,0.313,0.448,0.761,1,0.56,0.053,0.66,0.04%,0.43,8,9.2,DH
2022,42,451,43,22-May,LAA,,OAK,"W,4-1",CG,5,5,1,2,0,0,1,1,0,0,0,0,0,0,0,0,0,0,0.259,0.315,0.465,0.78,1,0.62,-0.045,0.74,-0.03%,-0.77,17,21.7,DH
2022,43,452,44,24-May,LAA,,TEX,"W,5-3",CG,4,2,0,0,0,0,0,0,1,0,1,1,0,0,0,0,0,0,0.256,0.319,0.459,0.778,1,0.44,-0.007,0.55,-0.01%,-0.1,4,6,DH
2022,44,453,45,25-May,LAA,,TEX,"L,2-7",CG,4,3,1,0,0,0,0,0,1,0,2,0,0,0,0,0,1,0,0.251,0.318,0.451,0.769,1,0.81,0.015,1.03,0.01%,-0.08,9,12.2,DH
2022,45,454,46,26-May,LAA,,TOR,"L,3-6",GS-8,3,2,0,0,0,0,0,1,1,0,1,0,0,0,0,0,0,0,0.249,0.318,0.446,0.764,3,1.24,0.02,1.51,0.02%,0.34,4,6.5,DH
2022,46,455,47,27-May,LAA,,TOR,"L,3-4",9-GF,1,1,0,0,0,0,0,0,0,0,1,0,0,0,0,0,0,0,0.247,0.316,0.444,0.76,8,1.78,-0.045,2.27,-0.04%,-0.1,0,0,PH
2022,47,456,48,28-May,LAA,,TOR,"L,5-6",CG,5,4,1,0,0,0,0,0,0,0,1,1,0,0,0,0,0,0,0.242,0.313,0.434,0.747,2,1.3,-0.034,1.58,-0.03%,-0.46,4,6.2,DH
2022,48,457,49,29-May,LAA,,TOR,"L,10-11",CG,5,3,2,2,0,0,2,3,1,0,1,1,0,0,0,0,0,0,0.249,0.325,0.47,0.796,2,0.94,0.297,1.18,0.22%,3.01,34,46.9,DH
2022,49,458,50,31-May,LAA,@,NYY,"L,1-9",CG,4,4,0,1,1,0,0,0,0,0,1,0,0,0,0,0,0,0,0.249,0.324,0.471,0.795,2,0.39,-0.032,0.43,-0.02%,-0.96,5,6,DH
2022,50,459,51,Jun 2 (1),LAA,@,NYY,"L,1-6",CG,5,5,0,1,0,0,0,0,0,0,2,0,0,0,0,0,0,0,0.247,0.321,0.464,0.785,2,0.48,-0.05,0.52,-0.03%,-1.13,3,3,DH
2022,51,460,52,Jun 2 (2),LAA,@,NYY,"L,1-2",CG,4,3,0,0,0,0,0,0,1,0,1,0,0,0,0,0,0,0,0.244,0.32,0.457,0.776,2,0.98,-0.02,1,-0.01%,-0.34,2,3,DH
2022,52,461,53,3-Jun,LAA,@,PHI,"L,0-10",CG,4,3,0,0,0,0,0,0,1,0,2,0,0,0,0,0,0,0,0.24,0.318,0.45,0.768,2,0.45,-0.027,0.43,-0.02%,-0.62,2,3,DH
2022,53,462,54,4-Jun,LAA,@,PHI,"L,2-7",CG,4,2,1,1,0,0,0,0,2,0,0,0,0,0,0,0,0,1,0.243,0.326,0.45,0.776,2,0.56,0.036,0.5,0.02%,0.57,9,12.2,DH
2022,54,463,55,5-Jun,LAA,@,PHI,"L,7-9",CG,5,5,1,1,1,0,0,0,0,0,2,0,0,0,0,0,0,0,0.242,0.323,0.449,0.773,2,0.67,0.084,0.6,0.05%,0.39,7,9.2,DH
2022,55,464,56,6-Jun,LAA,,BOS,"L,0-1",CG,4,4,0,1,0,0,0,0,0,0,1,0,0,0,0,0,0,0,0.242,0.322,0.445,0.768,2,1.43,-0.111,1.25,-0.06%,-0.39,3,3,DH
2022,56,465,57,7-Jun,LAA,,BOS,"L,5-6",CG(10),5,4,1,1,1,0,0,0,1,1,1,0,0,0,0,0,0,0,0.242,0.324,0.447,0.77,2,1.53,-0.049,1.25,-0.02%,-0.3,9,12.2,DH
2022,57,466,58,8-Jun,LAA,,BOS,"L,0-1",CG,4,4,0,1,0,0,0,0,0,0,2,0,0,0,0,0,0,0,0.242,0.322,0.443,0.765,1,0.92,-0.038,0.67,-0.02%,-0.31,3,3,DH
2022,58,467,59,9-Jun,LAA,,BOS,"W,5-2",CG,4,4,1,2,0,0,1,2,0,0,2,0,0,0,0,0,0,0,0.247,0.325,0.457,0.783,2,0.88,0.242,0.58,0.10%,1.74,19,25.2,DH
2022,59,468,60,10-Jun,LAA,,NYM,"L,3-7",CG,4,4,0,1,0,0,0,0,0,0,0,0,0,0,0,0,0,0,0.247,0.324,0.454,0.778,2,0.84,-0.03,0.57,-0.01%,-0.39,3,3,DH
2022,60,469,61,11-Jun,LAA,,NYM,"W,11-6",CG,5,4,3,3,1,0,1,3,1,0,1,0,0,0,0,0,0,0,0.255,0.333,0.476,0.81,3,0.4,0.214,0.25,0.08%,3.34,32,44.1,DH
2022,61,470,63 (1),14-Jun,LAA,@,LAD,"L,0-2",CG,4,4,0,2,1,0,0,0,0,0,0,0,0,0,0,0,0,1,0.26,0.336,0.481,0.817,3,1.36,0.064,0.84,0.02%,0.19,8,9,DH
2022,62,471,64,15-Jun,LAA,@,LAD,"L,1-4",CG,4,4,1,1,0,1,0,0,0,0,2,0,0,0,0,0,0,0,0.259,0.335,0.485,0.82,3,0.63,-0.05,0.34,-0.02%,-0.09,10,12.2,DH
2022,63,472,65,16-Jun,LAA,@,SEA,"W,4-1",CG,4,4,0,2,0,0,0,0,0,0,0,0,0,0,0,0,0,0,0.263,0.337,0.486,0.823,3,0.47,-0.012,0.25,0.00%,-0.13,6,6,DH
2022,64,473,67 (1),Jun 18 (1),LAA,@,SEA,"W,4-2",CG(10),5,5,0,0,0,0,0,0,0,0,1,0,0,0,0,0,0,0,0.258,0.331,0.476,0.807,3,1.11,-0.088,0.56,-0.03%,-0.95,0,0,DH
2022,65,474,68,Jun 18 (2),LAA,@,SEA,"W,3-0",CG,4,4,0,0,0,0,0,0,0,0,2,0,0,0,0,0,0,0,0.254,0.326,0.468,0.794,3,0.55,-0.052,0.28,-0.02%,-0.6,0,0,DH
2022,66,475,69,19-Jun,LAA,@,SEA,"W,4-0",CG,4,4,0,0,0,0,0,0,0,0,1,0,0,0,0,0,0,0,0.25,0.322,0.461,0.782,3,0.48,-0.048,0.31,-0.02%,-0.79,0,0,DH
2022,67,476,70,20-Jun,LAA,,KCR,"L,2-6",CG,4,2,0,1,0,0,0,0,2,0,0,0,0,0,0,0,0,0,0.252,0.328,0.461,0.789,3,0.65,0.062,0.44,0.03%,0.48,7,9,DH
2022,68,477,71,21-Jun,LAA,,KCR,"L,11-12",CG(11),6,4,2,3,0,0,2,8,0,0,0,0,0,2,0,0,0,0,0.26,0.331,0.489,0.82,3,2.2,0.479,1.4,0.18%,4.37,43,61.4,DH
2022,69,478,72,22-Jun,LAA,,KCR,"W,5-0",CG,5,3,0,1,0,0,0,0,2,0,2,0,0,0,0,0,0,0,0.26,0.336,0.487,0.822,2,0.76,0.072,0.4,0.02%,0.25,7,9,DH
2022,70,479,73,24-Jun,LAA,,SEA,"L,3-4",CG,4,3,0,1,0,0,0,1,1,0,1,0,0,0,0,0,0,0,0.261,0.338,0.485,0.823,3,1.7,-0.051,1.01,-0.02%,0.07,7,9.5,DH
2022,71,480,74,25-Jun,LAA,,SEA,"L,3-5",CG,5,4,1,1,0,0,1,1,1,1,1,0,0,0,0,0,0,0,0.261,0.339,0.493,0.831,3,1.49,-0.002,0.78,0.00%,0.35,16,21.7,DH
2022,72,481,75,26-Jun,LAA,,SEA,"W,2-1",CG,4,2,0,0,0,0,0,0,2,0,0,0,0,0,0,0,0,0,0.259,0.341,0.489,0.83,3,1.94,-0.061,0.85,-0.02%,-0.29,4,6,DH
2022,73,482,76,27-Jun,LAA,,CHW,"W,4-3",CG,4,3,0,1,0,0,0,0,1,1,2,0,0,0,0,0,1,0,0.26,0.343,0.487,0.83,3,0.76,-0.019,0.37,-0.01%,-0.09,10,12,DH
2022,74,483,77,28-Jun,LAA,,CHW,"L,4-11",CG,4,3,1,3,2,0,1,2,1,0,0,0,0,0,0,0,0,0,0.268,0.351,0.511,0.862,3,0.33,0.129,0.18,0.04%,2.34,28,37.2,DH
2022,75,484,78,29-Jun,LAA,,CHW,"W,4-1",CG,4,3,0,0,0,0,0,0,1,0,2,0,0,0,0,0,0,0,0.265,0.35,0.505,0.855,3,0.48,0.002,0.22,0.00%,-0.12,2,3,DH
2022,76,485,79,1-Jul,LAA,@,HOU,"L,1-8",CG,3,3,1,1,0,0,1,1,0,0,0,0,0,0,0,0,0,0,0.266,0.35,0.514,0.864,3,0.19,0.101,0.1,0.03%,0.7,14,18.7,DH
2022,77,486,80,2-Jul,LAA,@,HOU,"L,1-9",CG,4,4,0,0,0,0,0,0,0,0,0,0,0,0,0,0,0,0,0.262,0.345,0.507,0.852,3,0.51,-0.049,0.24,-0.01%,-0.82,0,0,DH
2022,78,487,81,3-Jul,LAA,@,HOU,"L,2-4",CG,4,4,0,1,0,0,0,1,0,0,2,0,0,0,0,0,0,0,0.262,0.344,0.503,0.848,3,1.39,0.031,0.57,0.01%,0.62,5,6.5,DH
2022,79,488,82,5-Jul,LAA,@,MIA,"L,1-2",CG,4,3,0,0,0,0,0,0,1,0,0,0,0,0,0,0,1,0,0.259,0.343,0.498,0.842,3,1.79,0.057,0.56,0.01%,0.26,7,9,DH
2022,80,489,83,6-Jul,LAA,@,MIA,"W,5-2",CG,5,4,1,1,0,0,0,2,1,0,1,0,0,0,0,0,1,0,0.259,0.344,0.495,0.839,3,1.24,0.204,0.36,0.04%,1.56,16,22.2,DH
2022,81,490,84,7-Jul,LAA,@,BAL,"L,1-4",CG,4,3,0,0,0,0,0,0,1,0,1,0,0,0,0,0,0,0,0.257,0.343,0.49,0.833,3,0.84,-0.021,0.31,-0.01%,-0.14,2,3,DH
2022,82,491,85,8-Jul,LAA,@,BAL,"L,4-5",CG,5,5,1,3,0,0,1,1,0,0,0,0,0,0,0,0,0,1,0.262,0.347,0.502,0.848,3,0.58,0.053,0.19,0.01%,0.53,20,24.7,DH
2022,83,492,86,9-Jul,LAA,@,BAL,"L,0-1",CG,4,3,0,0,0,0,0,0,1,0,1,0,0,0,0,0,0,0,0.26,0.346,0.497,0.842,3,1.18,-0.093,0.34,-0.02%,-0.53,2,3,DH
2022,84,493,87,10-Jul,LAA,@,BAL,"L,5-9",CG,4,4,0,0,0,0,0,0,0,0,2,0,0,0,0,0,0,0,0.256,0.342,0.491,0.832,3,0.36,-0.035,0.09,-0.01%,-0.66,0,0,DH
2022,85,494,88,12-Jul,LAA,,HOU,"L,5-6",CG,4,2,0,0,0,0,0,0,2,0,1,0,0,0,0,0,0,0,0.255,0.343,0.487,0.831,3,1.27,0.024,0.22,0.00%,0.21,4,6,DH
2022,86,495,89,13-Jul,LAA,,HOU,"W,7-1",CG,5,4,1,2,0,1,0,2,1,0,2,0,0,0,0,0,0,0,0.258,0.347,0.494,0.841,1,0.72,0.178,0.1,0.01%,1.93,19,25.2,DH
2022,87,496,90,14-Jul,LAA,,HOU,"L,2-3",CG(10),5,3,1,1,0,0,0,0,2,1,0,0,0,0,0,0,0,0,0.258,0.35,0.492,0.843,2,1.27,0.033,0.17,0.00%,0.34,9,12.2,DH
2022,88,497,91,15-Jul,LAA,,LAD,"L,1-9",CG,4,4,0,0,0,0,0,0,0,0,2,0,0,0,0,0,0,0,0.255,0.347,0.486,0.833,2,0.37,-0.036,0.05,0.00%,-0.57,0,0,DH
2022,89,498,92,16-Jul,LAA,,LAD,"L,1-7",CG,4,4,0,2,0,0,0,0,0,0,0,0,0,0,1,0,0,0,0.258,0.348,0.486,0.835,2,0.58,0.001,0.05,0.00%,1.13,6,6,DH
2022,90,499,93,22-Jul,LAA,@,ATL,"L,1-8",CG,4,3,0,0,0,0,0,0,0,0,2,1,0,0,0,0,0,0,0.256,0.347,0.482,0.829,1,1.1,-0.064,0.06,0.00%,-0.47,2,3,DH
2022,91,500,94,23-Jul,LAA,@,ATL,"L,2-7",CG,4,4,1,2,0,0,1,1,0,0,0,0,0,0,0,0,0,0,0.259,0.349,0.491,0.84,1,0.38,0.01,0.02,0.00%,0.78,17,21.7,DH
2022,92,501,95,24-Jul,LAA,@,ATL,"W,9-1",CG,5,4,1,0,0,0,0,0,1,0,0,0,0,0,0,0,0,0,0.256,0.347,0.485,0.832,1,0.36,-0.031,0.01,0.00%,-1.15,4,6.2,DH
2022,93,502,96,25-Jul,LAA,@,KCR,"L,0-7",CG,4,4,0,1,1,0,0,0,0,0,1,0,0,0,0,0,0,0,0.256,0.346,0.486,0.831,1,1.2,-0.099,0.06,0.00%,-0.97,5,6,DH
2022,94,503,97,26-Jul,LAA,@,KCR,"W,6-0",CG,5,3,2,1,0,0,1,1,2,1,1,0,0,0,0,0,1,0,0.256,0.349,0.493,0.842,1,0.79,0.038,0.03,0.00%,0.88,25,33.9,DH
2022,95,504,98,27-Jul,LAA,@,KCR,"W,4-0",CG,5,3,0,1,0,0,0,1,2,1,1,0,0,0,0,0,0,0,0.257,0.352,0.492,0.844,1,0.7,0.041,0.04,0.00%,0.52,9,12.5,DH
2022,96,505,99,28-Jul,LAA,,TEX,"L,0-2",CG,4,4,0,0,0,0,0,0,0,0,0,0,0,0,0,0,0,0,0.254,0.349,0.486,0.835,1,1.06,-0.106,0.06,0.00%,-0.88,0,0,DH
2022,97,506,100,29-Jul,LAA,,TEX,"L,2-7",CG,4,4,0,0,0,0,0,0,0,0,1,0,0,0,0,0,0,0,0.251,0.345,0.481,0.826,2,1.46,-0.138,0.06,0.00%,-0.88,0,0,DH
2022,98,507,101,30-Jul,LAA,,TEX,"W,9-7",CG,5,4,2,1,0,0,1,3,1,1,0,0,0,0,0,0,0,0,0.251,0.346,0.486,0.832,1,1.97,0.155,0.07,0.00%,1.18,22,31.9,DH
2022,99,508,102,31-Jul,LAA,,TEX,"L,2-5",CG,4,2,1,2,0,1,0,0,2,0,0,0,0,0,0,0,0,1,0.255,0.352,0.495,0.847,2,0.97,0.131,0.04,0.00%,1.11,17,21.2,DH
2022,100,509,103,2-Aug,LAA,,OAK,"W,3-1",CG,4,4,0,1,1,0,0,0,0,0,0,0,0,0,0,0,0,0,0.255,0.351,0.495,0.846,2,0.42,-0.021,0.01,0.00%,-0.4,5,6,DH
2022,101,510,104,3-Aug,LAA,,OAK,"L,1-3",GS-7,3,3,0,0,0,0,0,0,0,0,1,0,0,0,0,0,0,0,0.253,0.349,0.491,0.839,2,1.41,-0.148,0.04,0.00%,-1.27,0,0,DH
2022,102,511,105,4-Aug,LAA,,OAK,"L,7-8",CG,5,5,2,3,0,0,2,2,0,0,1,0,0,0,0,0,0,0,0.258,0.352,0.508,0.859,2,1.27,0.09,0.03,0.00%,1.93,31,40.4,DH
2022,103,512,106,5-Aug,LAA,@,SEA,"W,4-3",CG(10),5,5,0,1,0,0,0,0,0,0,4,0,0,0,0,0,0,0,0.257,0.35,0.504,0.854,2,0.86,-0.026,0.02,0.00%,-0.35,3,3,DH
2022,104,513,107,Aug 6 (1),LAA,@,SEA,"L,1-2",CG,4,4,0,0,0,0,0,0,0,0,1,0,0,0,0,0,0,0,0.254,0.347,0.499,0.845,2,1.13,-0.112,0.02,0.00%,-0.84,0,0,DH
2022,105,514,108,Aug 6 (2),LAA,@,SEA,"W,7-1",CG,5,3,0,0,0,0,0,1,1,0,1,0,0,1,0,0,0,0,0.253,0.345,0.495,0.84,2,0.44,-0.025,0.01,0.00%,-0.52,4,6.5,DH
2022,106,515,109,7-Aug,LAA,@,SEA,"L,3-6",CG,4,4,0,1,0,0,0,0,0,0,1,0,0,0,0,0,0,0,0.253,0.344,0.492,0.837,2,0.54,-0.036,0.01,0.00%,-0.33,3,3,DH
2022,107,516,111 (1),9-Aug,LAA,@,OAK,"W,5-1",GS-8,4,3,2,2,0,0,1,1,1,0,0,0,0,0,0,0,0,0,0.256,0.348,0.501,0.849,2,0.77,0.07,0.01,0.00%,1.43,21,27.9,DH
2022,108,517,112,10-Aug,LAA,@,OAK,"W,5-4",CG(12),5,4,0,1,0,0,0,0,1,1,2,0,0,0,0,0,0,0,0.256,0.348,0.499,0.847,2,1.8,-0.095,0.03,0.00%,-0.48,5,6,DH
2022,109,518,113,12-Aug,LAA,,MIN,"L,0-4",CG,4,4,0,0,0,0,0,0,0,0,2,0,0,0,0,0,0,0,0.253,0.345,0.494,0.839,2,1.04,-0.105,0.03,0.00%,-1.19,0,0,DH
2022,110,519,114,13-Aug,LAA,,MIN,"W,5-3",CG(11),5,4,1,1,0,0,1,1,1,1,0,0,0,0,0,0,0,0,0.253,0.346,0.499,0.845,2,1.61,-0.034,0.03,0.00%,0.63,16,21.7,DH
2022,111,520,115,14-Aug,LAA,,MIN,"W,4-2",CG,4,2,1,1,0,0,0,1,2,0,1,0,0,0,0,0,0,1,0.254,0.349,0.499,0.848,2,0.86,0.099,0.02,0.00%,1.22,11,15.7,DH
2022,112,521,116,15-Aug,LAA,,SEA,"L,2-6",CG,4,4,0,1,0,0,0,0,0,0,1,0,0,0,0,0,0,0,0.254,0.349,0.496,0.845,2,1.46,-0.031,0.05,0.00%,-0.42,3,3,DH
2022,113,522,117,16-Aug,LAA,,SEA,"L,2-8",CG,4,4,0,3,0,1,0,0,0,0,1,0,0,0,0,0,0,0,0.259,0.352,0.504,0.855,2,0.95,0.105,0.02,0.00%,0.96,14,15,DH
2022,114,523,118,17-Aug,LAA,,SEA,"L,7-11",CG,5,5,2,4,0,1,1,4,0,0,1,0,0,0,0,0,0,0,0.265,0.356,0.519,0.875,2,0.57,0.065,0.01,0.00%,4.1,36,47.4,DH
2022,115,524,119,19-Aug,LAA,@,DET,"W,1-0",CG,4,3,0,0,0,0,0,0,1,0,2,0,0,0,0,0,0,0,0.263,0.356,0.515,0.871,1,0.64,-0.045,0,0.00%,-0.42,2,3,DH
2022,116,525,120,20-Aug,LAA,@,DET,"L,3-4",CG,4,4,1,2,1,0,0,0,0,0,2,0,0,0,0,0,0,0,0.266,0.357,0.517,0.874,1,0.73,0.027,0,0.00%,0.49,10,12.2,DH
2022,117,526,121,21-Aug,LAA,@,DET,"L,0-4",GS-5,2,1,0,0,0,0,0,0,1,0,1,0,0,0,0,0,0,0,0.265,0.357,0.516,0.873,3,1.78,-0.017,0.01,0.00%,-0.08,2,3,DH
2022,118,527,122,22-Aug,LAA,@,TBR,"L,1-2",6-Jun,1,1,0,0,0,0,0,0,0,0,1,0,0,0,0,0,0,0,0.264,0.357,0.515,0.872,8,2.8,-0.07,0.01,0.00%,-0.41,0,0,PH
2022,119,528,123,23-Aug,LAA,@,TBR,"L,1-11",GS-8,3,3,0,1,0,0,0,0,0,0,0,0,0,0,0,0,0,0,0.265,0.356,0.514,0.87,3,0.81,-0.038,0,0.00%,-0.24,3,3,DH
2022,120,529,124,24-Aug,LAA,@,TBR,"L,3-4",CG(11),5,4,1,0,0,0,0,0,1,0,3,0,0,0,0,0,0,0,0.262,0.355,0.509,0.864,3,1.16,-0.021,0,0.00%,-0.34,4,6.2,DH
2022,121,530,125,25-Aug,LAA,@,TBR,"L,3-8",CG,4,4,1,1,1,0,0,1,0,0,2,0,0,0,0,0,0,0,0.262,0.354,0.509,0.863,2,0.47,-0.038,0,0.00%,0.42,9,12.7,DH
2022,122,531,126,26-Aug,LAA,@,TOR,"W,12-0",CG,5,5,1,1,0,1,0,2,0,0,1,0,0,0,0,0,0,0,0.262,0.353,0.51,0.863,3,0.64,0.047,0,0.00%,0.42,14,19.2,DH
2022,123,532,127,27-Aug,LAA,@,TOR,"W,2-0",CG,4,2,0,0,0,0,0,0,2,0,1,0,0,0,0,0,0,0,0.26,0.354,0.508,0.861,3,1.36,0.03,0,0.00%,0.37,4,6,DH
2022,124,533,128,28-Aug,LAA,@,TOR,"W,8-3",CG,5,4,2,3,0,0,1,2,1,0,0,0,0,0,0,0,0,0,0.265,0.358,0.516,0.874,3,0.36,0.084,0,0.00%,2.13,26,34.4,DH
2022,125,534,129,29-Aug,LAA,,NYY,"W,4-3",CG,4,4,1,2,0,0,1,2,0,0,1,0,0,0,0,1,0,0,0.267,0.359,0.523,0.882,3,1.05,0.193,0,0.00%,1.39,19,25.2,DH
2022,126,535,130,30-Aug,LAA,,NYY,"L,4-7",CG,4,4,1,2,1,0,0,0,0,0,2,0,0,0,0,0,0,1,0.269,0.36,0.525,0.885,3,0.39,-0.018,0,0.00%,-0.02,10,12.2,DH
2022,127,536,131,31-Aug,LAA,,NYY,"W,3-2",CG,4,4,1,1,0,0,1,3,0,0,1,0,0,0,0,0,0,0,0.269,0.359,0.529,0.888,3,1.35,0.355,0,0.00%,1.81,18,25.7,DH
2022,128,537,132,2-Sep,LAA,,HOU,"L,2-4",CG,5,4,0,1,0,0,0,0,1,0,2,0,0,0,0,0,0,0,0.268,0.36,0.526,0.886,3,1.47,-0.076,0,0.00%,-0.33,5,6,DH
2022,129,538,133,3-Sep,LAA,,HOU,"W,2-1",CG(12),5,4,0,0,0,0,0,0,1,1,0,0,0,0,0,0,0,0,0.266,0.358,0.522,0.88,3,1.6,-0.116,0,0.00%,-0.64,2,3,DH
2022,130,539,135 (1),5-Sep,LAA,,DET,"W,10-0",CG,5,5,3,3,1,0,2,3,0,0,1,0,0,0,0,0,0,0,0.27,0.36,0.537,0.898,3,0.42,0.192,0,0.00%,2.95,37,50.1,DH
2022,131,540,136,6-Sep,LAA,,DET,"W,5-4",CG(10),4,4,0,0,0,0,0,0,0,0,1,0,0,0,0,0,0,0,0.267,0.358,0.533,0.891,3,0.79,-0.077,0,0.00%,-0.57,0,0,DH
2022,132,541,137,7-Sep,LAA,,DET,"L,4-5",CG,5,5,1,1,0,0,1,1,0,0,4,0,0,0,0,0,0,0,0.267,0.356,0.536,0.892,3,1.72,0.003,0,0.00%,-0.65,14,18.7,DH
2022,133,542,138,9-Sep,LAA,@,HOU,"L,3-4",CG,4,4,0,1,1,0,0,0,0,0,1,0,0,0,0,0,0,0,0.267,0.356,0.535,0.891,3,0.77,-0.007,0,0.00%,-0.07,5,6,DH
2022,134,543,139,10-Sep,LAA,@,HOU,"W,6-1",GS-9,4,4,0,0,0,0,0,0,0,0,1,0,0,0,0,0,0,0,0.265,0.353,0.531,0.884,3,0.45,-0.044,0,0.00%,-0.85,0,0,DH
2022,135,544,140,11-Sep,LAA,@,HOU,"L,4-12",CG,5,4,1,2,1,0,1,2,1,0,0,0,0,0,0,0,0,0,0.266,0.355,0.539,0.894,2,0.6,0.119,0,0.00%,1.54,23,31.2,DH
2022,136,545,141,12-Sep,LAA,@,CLE,"L,4-5",CG,4,3,0,1,0,0,0,0,1,0,0,0,0,0,0,0,0,0,0.267,0.356,0.538,0.894,3,0.78,0.043,0,0.00%,0.05,5,6,DH
2022,137,546,142,13-Sep,LAA,@,CLE,"L,1-3",CG,4,3,0,0,0,0,0,0,1,0,1,0,0,0,0,0,0,0,0.265,0.356,0.534,0.89,3,0.9,-0.066,0,0.00%,-0.65,2,3,DH
2022,138,547,143,14-Sep,LAA,@,CLE,"L,3-5",CG,4,4,0,1,1,0,0,0,0,0,1,0,0,0,0,0,0,0,0.265,0.355,0.534,0.889,3,0.69,0.004,0,0.00%,-0.31,5,6,DH
2022,139,548,144,16-Sep,LAA,,SEA,"W,8-7",CG,4,4,1,1,1,0,0,0,0,0,1,0,0,0,0,0,0,0,0.265,0.354,0.534,0.888,3,0.6,0.046,0,0.00%,0.23,7,9.2,DH
2022,140,549,145,17-Sep,LAA,,SEA,"W,2-1",CG,3,2,1,1,1,0,0,1,1,0,0,0,0,0,0,0,0,0,0.266,0.356,0.536,0.891,3,0.99,0.184,0,0.00%,1.88,11,15.7,DH
2022,141,550,146,18-Sep,LAA,,SEA,"W,5-1",CG,4,3,0,1,0,0,0,0,1,0,1,0,0,0,0,0,0,0,0.266,0.357,0.534,0.891,3,0.4,0.022,0,0.00%,0.06,5,6,DH
2022,142,551,147,19-Sep,LAA,,SEA,"L,1-9",CG,4,4,1,2,1,0,0,0,0,0,2,0,0,0,0,0,0,0,0.268,0.358,0.536,0.894,2,0.56,-0.024,0,0.00%,0.41,10,12.2,DH
2022,143,552,148,20-Sep,LAA,@,TEX,"W,5-2",CG,4,4,1,1,0,0,0,0,0,0,1,0,0,0,0,0,0,0,0.268,0.357,0.534,0.891,3,0.6,0.026,0,0.00%,-0.05,5,6.2,DH
2022,144,553,149,21-Sep,LAA,@,TEX,"L,2-7",CG,4,4,1,2,0,0,0,0,0,0,1,0,0,0,0,0,0,0,0.27,0.358,0.534,0.892,3,0.9,0.047,0,0.00%,-0.08,8,9.2,DH
2022,145,554,150,22-Sep,LAA,@,TEX,"L,3-5",9-GF,1,1,0,1,1,0,0,0,0,0,0,0,0,0,0,0,0,0,0.271,0.359,0.536,0.895,9,0.92,0.059,0,0.00%,0.41,5,6,PH
2022,146,555,151,23-Sep,LAA,@,MIN,"W,4-2",CG,4,4,0,1,0,0,0,1,0,0,0,0,0,0,0,0,0,0,0.271,0.358,0.534,0.893,3,1.13,0.054,0,0.00%,0.33,5,6.5,DH
2022,147,556,152,24-Sep,LAA,@,MIN,"L,4-8",CG,5,5,0,1,0,0,0,2,0,0,0,0,0,0,1,0,0,0,0.27,0.357,0.531,0.888,3,0.75,0.162,0,0.00%,0.86,7,10,DH
2022,148,557,153,25-Sep,LAA,@,MIN,"W,10-3",CG,5,5,2,2,0,0,0,1,0,0,0,0,0,0,0,0,0,0,0.271,0.357,0.53,0.887,3,0.68,0.089,0,0.00%,1.09,12,15.9,DH
2022,149,558,154,27-Sep,LAA,,OAK,"W,4-3",CG,4,4,0,2,1,0,0,0,0,0,1,0,0,0,0,0,0,0,0.273,0.358,0.532,0.89,3,0.93,0.004,0,0.00%,0.21,8,9,DH
2022,150,559,155,28-Sep,LAA,,OAK,"W,4-1",CG,4,4,1,1,0,0,0,0,0,0,1,0,0,0,0,0,0,0,0.273,0.357,0.53,0.887,3,0.88,0.071,0,0.00%,0.45,5,6.2,DH
2022,151,560,156,29-Sep,LAA,,OAK,"W,4-2",CG,4,4,0,2,0,0,0,1,0,0,1,0,0,0,0,0,0,0,0.275,0.358,0.529,0.888,3,0.62,0.031,0,0.00%,0.48,8,9.5,DH
2022,152,561,157,30-Sep,LAA,,TEX,"W,4-1",CG,4,4,0,2,0,0,0,0,0,0,1,0,0,0,0,0,0,0,0.276,0.359,0.529,0.888,3,0.69,-0.038,0,0.00%,-0.46,6,6,DH
2022,153,562,158,1-Oct,LAA,,TEX,"W,3-2",CG,4,4,0,1,0,0,0,0,0,0,1,0,0,0,0,0,0,0,0.276,0.359,0.527,0.886,2,0.83,-0.051,0,0.00%,-0.36,3,3,DH
2022,154,563,159,2-Oct,LAA,,TEX,"W,8-3",CG,5,5,1,1,0,0,0,0,0,0,2,0,0,0,0,1,0,0,0.275,0.357,0.524,0.882,3,0.31,0.025,0,0.00%,-0.82,5,6.2,DH
2022,155,564,160,3-Oct,LAA,@,OAK,"L,4-5",CG(10),5,4,1,1,1,0,0,1,1,1,3,0,0,0,0,0,0,0,0.275,0.358,0.524,0.882,3,1.35,0.07,0,0.00%,0.56,11,15.7,DH
2022,156,565,161,4-Oct,LAA,@,OAK,"L,1-2",CG(10),5,4,0,0,0,0,0,0,0,0,1,1,0,0,0,0,0,0,0.273,0.356,0.521,0.877,3,2.3,-0.222,0,0.00%,-1.04,2,3,DH
2022,157,566,162,5-Oct,LAA,@,OAK,"L,2-3",CG,4,4,0,1,0,0,0,0,0,0,1,0,0,0,0,0,0,0,0.273,0.356,0.519,0.875,3,1.13,-0.05,0,0.00%,-0.16,3,3,DH
2023,1,567,1,30-Mar,LAA,@,OAK,"L,1-2",CG,4,3,0,1,0,0,0,0,1,1,2,0,0,0,0,0,0,0,0.333,0.5,0.333,0.833,3,1.04,0.047,1.06,0.03%,0.47,5,6,DH
2023,2,568,2,1-Apr,LAA,@,OAK,"W,13-1",CG,5,5,1,2,0,0,0,2,0,0,1,0,0,0,0,0,0,0,0.375,0.444,0.375,0.819,3,0.37,0.043,0.34,0.02%,1.3,12,16.2,DH
2023,3,569,3,2-Apr,LAA,@,OAK,"W,6-0",GS-9,4,4,1,1,0,0,1,1,0,0,2,0,0,0,0,0,0,0,0.333,0.385,0.583,0.968,3,0.92,-0.072,0.9,-0.04%,-0.57,14,18.7,DH
2023,4,570,4,3-Apr,LAA,@,SEA,"W,7-3",CG,5,5,1,1,0,0,1,2,0,0,1,0,0,0,0,1,0,0,0.294,0.333,0.647,0.98,3,1.3,0.069,1.39,0.05%,0.08,16,22.2,DH
2023,5,571,5,4-Apr,LAA,@,SEA,"L,2-11",GS-8,3,2,0,0,0,0,0,0,1,0,0,0,0,0,0,0,0,0,0.263,0.333,0.579,0.912,3,0.8,-0.058,0.83,-0.04%,-0.42,2,3,DH
2023,6,572,6,5-Apr,LAA,@,SEA,"W,4-3",CG,4,2,0,1,0,0,0,1,2,0,0,0,0,0,0,0,0,0,0.286,0.4,0.571,0.971,3,1.1,0.155,1.18,0.10%,1.84,9,12.5,DH
2023,7,573,7,7-Apr,LAA,,TOR,"L,3-4",CG,4,4,0,2,1,0,0,0,0,0,2,0,0,0,0,0,0,0,0.32,0.414,0.6,1.014,3,1.01,0.158,1.05,0.10%,0.48,8,9,DH
2023,8,574,8,8-Apr,LAA,,TOR,"W,9-5",CG,4,3,1,1,1,0,0,0,1,0,2,0,0,0,0,0,0,0,0.321,0.424,0.607,1.031,3,0.73,0.123,0.75,0.08%,1.27,9,12.2,DH
2023,9,575,9,9-Apr,LAA,,TOR,"L,11-12",CG(10),6,5,3,2,0,0,1,2,1,0,0,0,0,0,0,0,0,0,0.333,0.436,0.667,1.103,3,2.44,-0.166,2.57,-0.11%,1.25,25,34.6,DH
2023,10,576,10,10-Apr,LAA,,WSN,"L,4-6",CG,4,3,0,0,0,0,0,0,1,0,2,0,0,0,0,0,0,0,0.306,0.419,0.611,1.03,3,1.18,-0.092,1.13,-0.05%,-0.88,2,3,DH
2023,11,577,11,11-Apr,LAA,,WSN,"W,2-0",CG,4,4,0,1,0,0,0,0,0,0,2,0,0,0,0,0,0,0,0.3,0.404,0.575,0.979,3,0.89,0.042,0.84,0.02%,0.11,3,3,DH
2023,12,578,13 (1),14-Apr,LAA,@,BOS,"L,3-5",CG,5,4,1,1,0,0,0,0,1,0,2,0,0,0,0,0,0,0,0.295,0.404,0.545,0.949,3,1.11,-0.074,1.16,-0.05%,-0.68,7,9.2,DH
2023,13,579,14,15-Apr,LAA,@,BOS,"L,7-9",CG,5,4,1,2,0,0,0,1,0,0,0,0,0,0,0,0,0,0,0.313,0.411,0.542,0.952,3,1.37,0.214,1.35,0.13%,1.48,10,12.7,DH
2023,14,580,15,16-Apr,LAA,@,BOS,"L,1-2",CG,4,4,0,0,0,0,0,0,0,0,0,0,0,0,0,0,0,0,0.288,0.383,0.5,0.883,3,1.18,-0.124,1.13,-0.07%,-0.74,0,0,DH
2023,15,581,16,17-Apr,LAA,@,BOS,"W,5-4",CG,5,5,1,2,0,0,0,0,0,0,0,0,0,0,1,0,0,1,0.298,0.385,0.491,0.876,2,0.52,0.051,0.5,0.03%,0.47,8,9.2,DH
2023,16,582,17,18-Apr,LAA,@,NYY,"W,5-2",CG,4,3,2,1,0,0,1,2,0,0,1,0,0,0,0,0,1,0,0.3,0.382,0.533,0.916,2,0.74,0.169,0.74,0.10%,1.7,23,31.4,DH
2023,17,583,18,19-Apr,LAA,@,NYY,"L,2-3",CG(10),5,4,0,0,0,0,0,0,1,0,2,0,0,0,0,0,0,0,0.281,0.37,0.5,0.87,2,1.88,-0.136,1.99,-0.09%,-1.1,2,3,DH
2023,18,584,19,20-Apr,LAA,@,NYY,"L,3-9",CG,4,3,0,0,0,0,0,0,1,0,0,0,0,0,0,0,0,0,0.269,0.364,0.478,0.841,2,0.95,-0.042,0.94,-0.03%,-0.8,2,3,DH
2023,19,585,20,21-Apr,LAA,,KCR,"W,2-0",CG,4,4,0,1,0,0,0,0,0,0,1,0,0,0,0,1,0,0,0.268,0.358,0.465,0.823,2,0.53,-0.059,0.5,-0.03%,-0.7,3,3,DH
2023,20,586,21,22-Apr,LAA,,KCR,"L,8-11",CG,5,5,0,0,0,0,0,0,0,0,0,0,0,0,0,0,0,0,0.25,0.337,0.434,0.771,3,0.88,-0.117,0.84,-0.07%,-1.08,0,0,DH
2023,21,587,22,23-Apr,LAA,,KCR,"W,4-3",CG,4,3,1,2,0,0,1,2,0,0,1,0,0,1,0,0,0,0,0.266,0.344,0.481,0.825,3,0.98,0.085,0.89,0.05%,1.16,19,25.2,DH
2023,22,588,23,24-Apr,LAA,,OAK,"L,10-11",CG(10),5,4,1,1,1,0,0,0,0,0,1,0,0,0,0,0,0,1,0.265,0.34,0.482,0.822,3,1.07,-0.058,1.05,-0.03%,0.25,7,9.2,DH
2023,23,589,24,25-Apr,LAA,,OAK,"W,5-3",CG,4,4,0,0,0,0,0,0,0,0,2,0,0,0,0,0,2,0,0.253,0.327,0.46,0.786,3,0.77,-0.061,0.72,-0.04%,-0.91,10,12,DH
2023,24,590,25,26-Apr,LAA,,OAK,"W,11-3",CG,5,5,1,2,0,0,1,3,0,0,1,0,0,0,0,0,0,0,0.261,0.33,0.489,0.819,3,0.45,0.01,0.43,0.01%,2.62,21,28.7,DH
2023,25,591,26,27-Apr,LAA,,OAK,"W,8-7",CG,5,5,2,3,1,1,0,1,0,0,0,0,0,0,0,0,0,0,0.278,0.343,0.526,0.868,3,0.99,0.096,0.99,0.06%,0.95,22,27.9,DH
2023,26,592,27,28-Apr,LAA,@,MIL,"L,1-2",CG,4,4,0,1,0,0,0,0,0,0,0,0,0,0,0,0,0,0,0.277,0.339,0.515,0.854,3,1.46,0.06,1.47,0.04%,-0.03,3,3,DH
2023,27,593,28,29-Apr,LAA,@,MIL,"L,5-7",CG,5,5,0,3,0,0,0,0,0,0,0,0,0,0,0,1,2,0,0.292,0.35,0.519,0.869,3,1,-0.023,0.97,-0.01%,0.14,19,21,DH
2023,28,594,29,30-Apr,LAA,@,MIL,"W,3-0",CG,4,3,1,1,0,0,1,1,1,0,1,0,0,0,0,0,0,1,0.294,0.355,0.541,0.897,3,0.59,0.073,0.58,0.04%,0.56,16,21.7,DH
2023,29,595,31 (1),3-May,LAA,@,STL,"W,6-4",CG,5,5,1,3,1,0,0,1,0,0,0,0,0,0,0,0,0,0,0.307,0.365,0.553,0.918,3,1.69,0.085,1.78,0.05%,1.11,15,18.7,DH
2023,30,596,32,4-May,LAA,@,STL,"W,11-7",CG,5,3,1,1,0,0,0,0,2,0,1,0,0,0,0,0,0,0,0.308,0.374,0.547,0.921,2,0.34,0.05,0.37,0.03%,0.91,9,12.2,DH
2023,31,597,33,5-May,LAA,,TEX,"W,5-4",CG(10),5,5,0,0,0,0,0,0,0,0,0,0,0,0,0,0,0,0,0.295,0.36,0.525,0.885,3,1.5,-0.108,1.99,-0.09%,-1.44,0,0,DH
2023,32,598,34,6-May,LAA,,TEX,"L,1-10",CG,4,4,0,0,0,0,0,0,0,0,0,0,0,0,0,0,0,0,0.286,0.35,0.508,0.858,3,0.89,-0.091,1.23,-0.08%,-0.92,0,0,DH
2023,33,599,35,7-May,LAA,,TEX,"L,8-16",CG,5,3,1,2,0,0,0,1,2,0,0,0,0,0,0,0,0,0,0.295,0.366,0.512,0.877,3,0.94,0.176,1.26,0.14%,2.04,14,18.7,DH
2023,34,600,36,8-May,LAA,,HOU,"W,6-4",CG,4,4,0,2,2,0,0,2,0,0,0,0,0,0,0,0,0,0,0.301,0.369,0.526,0.895,3,1.58,0.22,1.89,0.16%,1.82,14,19,DH
2023,35,601,37,9-May,LAA,,HOU,"L,1-3",CG,4,3,0,0,0,0,0,0,0,0,1,0,0,0,0,0,0,0,0.294,0.362,0.515,0.877,3,1.05,-0.045,1.28,-0.03%,-0.32,0,0,DH
2023,36,602,38,10-May,LAA,,HOU,"L,4-5",CG,4,4,1,1,0,0,1,2,0,0,2,0,0,0,0,0,0,0,0.293,0.359,0.529,0.888,3,0.94,0.07,1.14,0.05%,1.14,16,22.2,DH
2023,37,603,39,12-May,LAA,@,CLE,"W,5-4",CG,5,2,0,0,0,0,0,0,2,0,2,0,0,0,0,0,0,0,0.289,0.363,0.521,0.884,3,1.88,-0.044,1.94,-0.03%,0.24,4,6,DH
2023,38,604,40,13-May,LAA,@,CLE,"L,6-8",CG,5,4,0,1,1,0,0,1,1,0,2,0,0,0,0,0,0,0,0.288,0.364,0.521,0.884,3,1.06,0.083,1.13,0.05%,1.27,9,12.5,DH
2023,39,605,41,14-May,LAA,@,CLE,"L,3-4",CG,4,4,0,1,0,0,0,1,0,0,2,0,0,0,0,0,1,0,0.287,0.361,0.513,0.874,2,2.12,0.126,2.2,0.08%,0.66,10,12.5,DH
2023,40,606,42,15-May,LAA,@,BAL,"W,9-5",CG,6,5,3,4,0,1,1,3,1,0,0,0,0,0,0,0,0,0,0.303,0.377,0.555,0.932,3,0.68,0.307,0.65,0.18%,2.79,38,50.1,DH
2023,41,607,43,16-May,LAA,@,BAL,"L,3-7",CG,4,4,0,0,0,0,0,0,0,0,1,0,0,0,0,0,0,0,0.296,0.369,0.541,0.91,3,0.84,-0.084,0.88,-0.05%,-0.85,0,0,DH
2023,42,608,44,17-May,LAA,@,BAL,"L,1-3",CG,4,4,0,0,0,0,0,0,0,0,1,0,0,0,0,0,0,0,0.288,0.361,0.528,0.888,3,1.22,-0.12,1.18,-0.07%,-0.86,0,0,DH
2023,43,609,45,18-May,LAA,@,BAL,"W,6-5",CG,5,5,1,2,0,0,1,2,0,0,0,0,0,0,0,0,0,0,0.292,0.362,0.542,0.903,3,1.75,0.267,1.67,0.15%,1.02,19,25.2,DH
2023,44,610,46,19-May,LAA,,MIN,"W,5-4",CG,4,3,0,0,0,0,0,0,1,0,2,0,0,0,0,0,0,0,0.287,0.359,0.532,0.892,3,0.99,-0.032,1.03,-0.02%,-0.54,2,3,DH
2023,45,611,47,20-May,LAA,,MIN,"L,2-6",CG,4,4,1,1,0,0,1,1,0,0,2,0,0,0,0,0,0,0,0.286,0.357,0.543,0.9,3,0.93,0.027,0.97,0.02%,0.07,14,18.7,DH
2023,46,612,48,21-May,LAA,,MIN,"W,4-2",CG,4,3,0,1,0,0,0,0,1,1,0,0,0,0,0,0,0,0,0.287,0.36,0.539,0.899,3,1.11,-0.023,1.04,-0.01%,-0.46,5,6,DH
2023,47,613,49,22-May,LAA,,BOS,"W,2-1",CG,4,3,0,0,0,0,0,0,1,0,2,0,0,0,0,0,0,0,0.282,0.358,0.53,0.888,3,0.84,-0.063,0.84,-0.04%,-0.74,2,3,DH
2023,48,614,50,23-May,LAA,,BOS,"W,4-0",CG,4,4,0,1,0,0,0,0,0,0,1,0,0,0,0,0,0,0,0.281,0.356,0.524,0.88,3,0.38,-0.005,0.4,0.00%,-0.34,3,3,DH
2023,49,615,51,24-May,LAA,,BOS,"W,7-3",CG,4,4,1,1,0,0,1,1,0,0,1,0,0,0,0,0,0,0,0.28,0.354,0.534,0.888,3,0.19,0.028,0.21,0.02%,0.61,14,18.7,DH
2023,50,616,52,26-May,LAA,,MIA,"L,2-6",CG,4,4,0,0,0,0,0,0,0,0,2,0,0,0,0,1,0,0,0.275,0.347,0.523,0.871,3,1.09,-0.141,1.21,-0.09%,-1.27,0,0,DH
2023,51,617,53,27-May,LAA,,MIA,"L,5-8",CG(10),5,4,0,0,0,0,0,0,1,0,0,0,0,0,0,1,1,0,0.269,0.344,0.513,0.857,3,1.96,-0.163,1.95,-0.10%,-1.31,7,9,DH
2023,52,618,54,28-May,LAA,,MIA,"L,0-2",CG,4,4,0,1,0,0,0,0,0,0,3,0,0,0,0,0,0,0,0.269,0.342,0.507,0.85,3,1.47,-0.075,1.34,-0.04%,-0.42,3,3,DH
2023,53,619,55,29-May,LAA,@,CHW,"W,6-4",CG,5,4,1,0,0,0,0,0,0,0,2,1,0,0,0,0,0,0,0.263,0.339,0.498,0.837,3,0.84,-0.051,0.72,-0.03%,-1.15,4,6.2,DH
2023,54,620,56,30-May,LAA,@,CHW,"L,3-7",CG,4,4,1,1,0,0,1,1,0,0,1,0,0,0,0,0,0,0,0.263,0.338,0.507,0.845,3,0.67,0.079,0.62,0.04%,0.35,14,18.7,DH
2023,55,621,57,31-May,LAA,@,CHW,"W,12-5",GS-9,4,3,3,2,0,0,2,4,1,0,0,0,0,0,0,0,0,0,0.269,0.345,0.538,0.882,3,0.55,0.191,0.46,0.10%,3.45,36,50.6,DH
2023,56,622,58,1-Jun,LAA,@,HOU,"L,2-5",CG,5,5,0,1,0,0,0,0,0,0,2,0,0,0,0,0,0,0,0.267,0.342,0.53,0.872,3,1.35,-0.108,1.44,-0.07%,-1.04,3,3,DH
2023,57,623,59,2-Jun,LAA,@,HOU,"L,2-6",CG,5,4,0,0,0,0,0,0,1,0,2,0,0,0,0,0,0,0,0.262,0.339,0.52,0.859,1,0.95,-0.095,0.97,-0.06%,-0.86,2,3,DH
2023,58,624,60,3-Jun,LAA,@,HOU,"L,6-9",CG,5,5,2,4,1,1,0,2,0,0,0,0,0,0,0,1,0,0,0.274,0.348,0.54,0.888,1,0.72,0.267,0.66,0.15%,3.97,27,34.4,DH
2023,59,625,61,4-Jun,LAA,@,HOU,"W,2-1",CG,4,4,0,1,1,0,0,1,0,0,0,0,0,0,0,0,0,0,0.274,0.346,0.539,0.885,1,1.11,0.22,0.94,0.11%,0.51,7,9.5,DH
2023,60,626,62,6-Jun,LAA,,CHC,"W,7-4",CG,4,2,2,1,0,0,1,1,2,0,0,0,0,0,0,0,0,0,0.276,0.352,0.552,0.904,2,1.11,0.086,0.85,0.04%,1.39,20,27.9,DH
2023,61,627,63,7-Jun,LAA,,CHC,"W,6-2",CG,5,4,0,1,1,0,0,0,1,0,1,0,0,0,0,0,2,0,0.275,0.353,0.551,0.904,2,0.75,0.039,0.58,0.02%,-0.68,17,21,DH
2023,62,628,64,8-Jun,LAA,,CHC,"W,3-1",CG,5,5,0,1,0,0,0,0,0,0,2,0,0,0,0,0,0,0,0.274,0.351,0.544,0.894,2,0.94,-0.094,0.8,-0.05%,-1.31,3,3,DH
2023,63,629,65,9-Jun,LAA,,SEA,"W,5-4",CG,4,4,1,3,1,0,1,2,0,0,0,0,0,0,0,0,0,0,0.282,0.356,0.563,0.92,2,0.82,0.269,0.8,0.16%,2.19,24,31.2,DH
2023,64,630,66,10-Jun,LAA,,SEA,"L,2-6",CG,4,4,1,1,0,0,1,2,0,0,2,0,0,0,0,0,0,0,0.281,0.355,0.57,0.925,2,1.08,0.078,1.2,0.05%,0.83,16,22.2,DH
2023,65,631,67,11-Jun,LAA,,SEA,"W,9-4",CG,5,5,1,3,0,0,0,0,0,0,1,0,0,0,0,0,0,0,0.287,0.359,0.571,0.93,2,0.47,0.003,0.47,0.00%,1,11,12.2,DH
2023,66,632,68,12-Jun,LAA,@,TEX,"W,9-6",CG(12),6,4,2,2,0,0,2,4,1,0,1,0,0,1,0,0,0,0,0.291,0.362,0.593,0.955,2,1.95,0.401,2.44,0.30%,1.7,34,47.4,DH
2023,67,633,69,13-Jun,LAA,@,TEX,"W,7-3",CG,5,2,2,2,1,0,0,0,3,1,0,0,0,0,0,0,1,0,0.296,0.373,0.6,0.973,2,0.72,0.104,1,0.09%,1.22,23,30.4,DH
2023,68,634,70,14-Jun,LAA,@,TEX,"L,3-6",CG,5,4,1,2,0,0,1,2,1,0,1,0,0,0,0,0,0,0,0.299,0.377,0.61,0.987,2,0.79,-0.002,1.15,0.00%,1.64,21,28.2,DH
2023,69,635,71,15-Jun,LAA,@,TEX,"W,5-3",CG,4,2,1,1,0,0,1,2,2,0,0,0,0,0,0,0,0,0,0.301,0.382,0.62,1.002,2,1.2,0.24,1.61,0.19%,2.44,20,28.2,DH
2023,70,636,72,16-Jun,LAA,@,KCR,"W,3-0",CG,5,3,1,1,1,0,0,0,2,0,1,0,0,0,0,0,0,0,0.301,0.385,0.621,1.006,2,0.82,0.064,0.93,0.04%,0.67,11,15.2,DH
2023,71,637,73,17-Jun,LAA,@,KCR,"L,9-10",CG,5,4,1,1,0,0,1,2,1,0,0,0,0,0,0,0,0,1,0.3,0.385,0.626,1.012,2,1.49,-0.01,1.9,-0.01%,0.57,18,25.2,DH
2023,72,638,74,18-Jun,LAA,@,KCR,"W,5-2",CG,4,4,1,1,0,0,1,2,0,0,2,0,0,0,0,0,0,0,0.3,0.384,0.632,1.015,2,0.83,0.151,1.01,0.11%,0.93,16,22.2,DH
2023,73,639,75,20-Jun,LAA,,LAD,"L,0-2",CG,4,4,0,0,0,0,0,0,0,0,2,0,0,0,0,0,0,0,0.295,0.379,0.623,1.002,2,1.16,-0.117,1.49,-0.09%,-0.9,0,0,DH
2023,74,640,76,21-Jun,LAA,,LAD,"L,0-2",CG,4,3,0,0,0,0,0,0,1,0,0,0,0,0,0,0,0,0,0.292,0.377,0.616,0.993,2,1.32,-0.097,1.58,-0.07%,-0.48,2,3,DH
2023,75,641,77,23-Jun,LAA,@,COL,"L,4-7",CG,5,5,1,3,1,0,1,1,0,0,1,0,0,0,0,0,0,0,0.298,0.381,0.63,1.01,2,1.2,0.067,1.39,0.05%,0.52,22,27.7,DH
2023,76,642,78,24-Jun,LAA,@,COL,"W,25-1",CG,7,7,1,1,0,0,0,1,0,0,2,0,0,0,0,1,0,0,0.294,0.376,0.618,0.994,2,0.41,-0.04,0.44,-0.03%,-1.36,7,9.7,DH
2023,77,643,79,25-Jun,LAA,@,COL,"L,3-4",CG,4,4,1,2,0,1,0,1,0,0,0,0,0,0,0,0,0,0,0.297,0.377,0.623,1.001,2,1.27,0.094,1.47,0.07%,1.04,15,18.7,DH
2023,78,644,80,26-Jun,LAA,,CHW,"W,2-1",CG,4,3,1,1,0,0,1,1,1,0,2,0,0,0,0,0,1,0,0.297,0.379,0.63,1.009,3,1.48,0.188,1.7,0.13%,1.2,21,27.7,DH
2023,79,645,81,27-Jun,LAA,,CHW,"W,4-2",CG,4,3,2,3,0,0,2,2,1,0,0,0,0,0,0,0,0,0,0.304,0.386,0.654,1.039,2,0.66,0.26,0.8,0.19%,2.78,33,43.4,DH
2023,80,646,82,28-Jun,LAA,,CHW,"L,5-11",CG,5,5,2,3,0,1,0,0,0,0,2,0,0,0,0,0,0,0,0.309,0.389,0.659,1.048,2,0.37,0.056,0.46,0.04%,0.87,18,21.4,DH
2023,81,647,83,29-Jun,LAA,,CHW,"L,7-9",CG,5,3,1,1,0,0,1,2,2,1,2,0,0,0,0,0,0,0,0.309,0.392,0.666,1.057,3,1.06,0.059,1.26,0.04%,1.74,20,28.2,DH
2023,82,648,84,30-Jun,LAA,,ARI,"L,2-6",CG,4,2,2,1,0,0,1,1,2,0,0,0,0,0,0,0,0,0,0.31,0.396,0.674,1.07,2,0.58,0.065,0.65,0.04%,1.35,20,27.9,DH
2023,83,649,85,1-Jul,LAA,,ARI,"L,1-3",CG,4,4,0,0,0,0,0,0,0,0,2,0,0,0,0,0,0,0,0.306,0.391,0.666,1.057,3,1.4,-0.139,1.51,-0.09%,-0.9,0,0,DH
2023,84,650,86,2-Jul,LAA,,ARI,"W,5-2",CG,4,4,1,1,0,0,1,1,0,0,2,0,0,0,0,0,0,0,0.306,0.39,0.67,1.06,3,0.5,-0.004,0.51,0.00%,0.33,14,18.7,DH
2023,85,651,87,3-Jul,LAA,@,SDP,"L,3-10",CG,5,3,0,0,0,0,0,0,2,0,1,0,0,0,0,0,0,0,0.303,0.39,0.664,1.054,3,1.18,-0.067,1.29,-0.04%,-0.52,4,6,DH
2023,86,652,88,4-Jul,LAA,@,SDP,"L,5-8",GS-9,3,3,0,0,0,0,0,0,0,0,1,0,0,0,0,0,0,0,0.3,0.387,0.658,1.044,3,0.94,-0.068,1,-0.04%,-0.57,0,0,DH
2023,87,653,89,5-Jul,LAA,@,SDP,"L,3-5",CG,4,4,0,0,0,0,0,0,0,0,0,0,0,0,0,0,0,0,0.296,0.383,0.65,1.033,3,1.46,-0.15,1.33,-0.08%,-1.02,0,0,DH
2023,88,654,90,7-Jul,LAA,@,LAD,"L,4-11",CG,4,3,1,1,0,0,0,0,1,0,1,0,0,0,0,0,0,0,0.297,0.384,0.647,1.031,1,0.89,0.038,0.8,0.02%,0.29,7,9.2,DH
2023,89,655,91,8-Jul,LAA,@,LAD,"L,5-10",CG,5,4,1,3,0,1,1,3,0,0,0,0,0,1,0,0,0,0,0.302,0.387,0.663,1.05,1,0.36,0.059,0.29,0.03%,2.53,29,37.7,DH
2023,90,656,92,14-Jul,LAA,,HOU,"L,5-7",CG,5,5,1,2,0,0,0,0,0,0,2,0,0,0,0,0,0,0,0.303,0.387,0.659,1.046,2,1.08,-0.043,0.92,-0.02%,-0.3,8,9.2,DH
2023,91,657,93,15-Jul,LAA,,HOU,"W,13-12",CG(10),6,5,1,1,0,0,1,1,1,1,3,0,0,0,0,0,0,0,0.302,0.386,0.661,1.047,2,1.11,-0.003,0.82,0.00%,0.54,16,21.7,DH
2023,92,658,94,16-Jul,LAA,,HOU,"L,8-9",CG,5,4,2,1,0,0,1,1,1,1,0,0,0,0,0,0,0,0,0.301,0.386,0.665,1.051,2,0.84,0.03,0.66,0.01%,0.61,18,24.9,DH
2023,93,659,95,17-Jul,LAA,,NYY,"W,4-3",CG(10),5,4,1,3,1,0,1,2,1,1,1,0,0,0,0,0,0,0,0.306,0.391,0.677,1.068,2,1.6,0.311,0.89,0.10%,1.95,26,34.2,DH
2023,94,660,96,18-Jul,LAA,,NYY,"W,5-1",CG,4,3,1,1,0,1,0,1,1,0,2,0,0,0,0,0,0,0,0.307,0.392,0.68,1.072,2,0.95,0.119,0.56,0.04%,1.77,14,18.7,DH
2023,95,661,97,19-Jul,LAA,,NYY,"W,7-3",CG,5,1,2,0,0,0,0,0,4,1,1,0,0,0,0,0,0,0,0.306,0.397,0.678,1.075,2,0.29,0.04,0.21,0.02%,0.98,12,18.4,DH
2023,96,662,98,21-Jul,LAA,,PIT,"W,8-5",CG,4,1,2,0,0,0,0,0,3,0,1,0,0,0,0,0,0,0,0.305,0.4,0.676,1.076,2,0.65,0.102,0.46,0.04%,1.44,10,15.4,DH
2023,97,663,99,22-Jul,LAA,,PIT,"L,0-3",CG,4,4,0,0,0,0,0,0,0,0,3,0,0,0,0,0,0,0,0.302,0.397,0.668,1.065,2,0.84,-0.092,0.63,-0.04%,-0.83,0,0,DH
2023,98,664,100,23-Jul,LAA,,PIT,"W,7-5",CG,4,3,2,1,0,0,1,1,1,0,2,0,0,0,0,0,0,0,0.302,0.398,0.674,1.072,2,0.47,0.093,0.33,0.04%,1.03,18,24.9,DH
2023,99,665,101,25-Jul,LAA,@,DET,"W,7-6",CG(10),5,3,2,0,0,0,0,0,2,0,2,0,0,0,0,0,1,0,0.299,0.398,0.668,1.066,2,0.95,0.039,0.72,0.02%,0.03,13,18.4,DH
2023,100,666,102,Jul 27 (1),LAA,@,DET,"W,6-0",CG,5,5,0,0,0,0,0,0,0,0,2,0,0,0,0,0,0,0,0.296,0.393,0.66,1.053,2,0.54,-0.066,0.45,-0.03%,-1.57,,,P
2023,101,667,103,Jul 27 (2),LAA,@,DET,"W,11-4",GS-7,3,3,2,2,0,0,2,3,0,0,1,0,0,0,0,0,0,0,0.298,0.395,0.675,1.07,2,0.49,0.151,0.46,0.09%,2.7,30,40.9,DH
2023,102,668,104,28-Jul,LAA,@,TOR,"L,1-4",GS-9,4,4,1,2,0,0,1,1,0,0,1,0,0,0,0,0,0,0,0.301,0.396,0.681,1.077,2,0.82,0.1,0.92,0.07%,0.86,17,21.7,DH
2023,103,669,105,29-Jul,LAA,@,TOR,"L,1-6",CG,5,2,0,1,1,0,0,0,2,2,1,1,0,0,0,0,0,0,0.302,0.4,0.683,1.083,2,1.31,0.148,1.38,0.09%,1.03,11,15,DH
2023,104,670,106,30-Jul,LAA,@,TOR,"W,3-2",CG(10),5,3,1,1,0,0,0,0,2,2,0,0,0,0,0,0,0,0,0.302,0.403,0.68,1.083,2,1.61,0.01,1.48,0.01%,0.21,9,12.2,DH
2023,105,671,107,31-Jul,LAA,@,ATL,"W,4-1",CG,5,3,0,2,0,0,0,0,1,1,0,1,0,0,0,0,0,0,0.305,0.407,0.68,1.087,2,0.83,0.099,0.87,0.06%,1.2,10,12,DH
2023,106,672,108,1-Aug,LAA,@,ATL,"L,1-5",CG,4,4,0,1,0,0,0,0,0,0,2,0,0,0,0,0,1,0,0.304,0.406,0.676,1.081,2,1.03,0.013,1.18,0.01%,-0.26,8,9,DH
2023,107,673,109,2-Aug,LAA,@,ATL,"L,5-12",CG,4,3,1,2,0,0,0,0,1,0,1,0,0,0,0,0,0,0,0.307,0.408,0.676,1.084,2,0.43,0.018,0.43,0.01%,1.86,10,12.2,DH
2023,108,674,110,3-Aug,LAA,,SEA,"L,3-5",CG,4,2,2,2,0,0,1,1,2,1,0,0,0,0,0,0,1,0,0.31,0.413,0.685,1.098,2,0.82,0.174,0.77,0.10%,1.76,28,36.9,DH
2023,109,675,111,4-Aug,LAA,,SEA,"L,7-9",CG,5,4,1,1,1,0,0,0,1,0,3,0,0,0,0,0,0,0,0.31,0.413,0.683,1.096,2,1.71,-0.089,1.3,-0.04%,-0.12,9,12.2,DH
2023,110,676,112,5-Aug,LAA,,SEA,"L,2-3",CG,4,4,0,0,0,0,0,0,0,0,2,0,0,0,0,1,0,0,0.307,0.41,0.676,1.086,2,1.48,-0.187,0.81,-0.06%,-1.54,0,0,DH
2023,111,677,113,6-Aug,LAA,,SEA,"L,2-3",CG(10),4,4,1,1,0,0,0,0,0,0,2,0,0,0,0,0,0,0,0.306,0.409,0.672,1.081,2,1.06,-0.063,0.5,-0.02%,-0.39,5,6.2,DH
2023,112,678,114,7-Aug,LAA,,SFG,"L,3-8",CG,4,4,1,2,1,0,0,0,0,0,0,0,0,0,0,0,1,0,0.308,0.409,0.673,1.082,2,1.22,0.082,0.36,0.02%,0.36,15,18.2,DH
2023,113,679,115,8-Aug,LAA,,SFG,"W,7-5",CG,5,4,1,1,0,0,0,1,1,1,0,0,0,0,0,0,1,0,0.307,0.409,0.669,1.078,2,0.65,0.027,0.12,0.00%,0.18,14,18.7,DH
2023,114,680,116,9-Aug,LAA,,SFG,"W,4-1",CG,4,2,1,0,0,0,0,0,2,1,2,0,0,0,0,0,0,0,0.306,0.41,0.666,1.076,2,1.26,-0.014,0.27,0.00%,0.09,6,9.2,DH
2023,115,681,117,11-Aug,LAA,@,HOU,"L,3-11",CG,4,4,0,1,0,0,0,0,0,0,2,0,0,0,0,0,0,0,0.305,0.409,0.662,1.071,2,0.5,-0.036,0.15,-0.01%,-0.09,3,3,DH
2023,116,682,118,12-Aug,LAA,@,HOU,"L,3-11",CG,4,4,1,1,1,0,0,0,0,0,2,0,0,0,0,0,0,0,0.305,0.407,0.661,1.068,2,0.51,-0.028,0.11,0.00%,0.11,7,9.2,DH
2023,117,683,119,13-Aug,LAA,@,HOU,"W,2-1",CG,4,3,1,1,0,0,1,1,1,0,1,0,0,0,0,0,1,0,0.305,0.408,0.665,1.073,2,0.79,0.153,0.13,0.01%,1.31,21,27.7,DH
2023,118,684,120,14-Aug,LAA,@,TEX,"L,0-12",CG,3,3,0,0,0,0,0,0,0,0,2,0,0,0,0,0,0,0,0.303,0.406,0.661,1.066,2,0.45,-0.035,0.1,0.00%,-0.67,0,0,DH
2023,119,685,121,15-Aug,LAA,@,TEX,"L,3-7",CG,4,4,0,1,0,0,0,0,0,0,1,0,0,0,0,0,0,1,0.302,0.405,0.657,1.061,2,0.77,-0.062,0.13,-0.01%,-0.71,3,3,DH
2023,120,686,122,16-Aug,LAA,@,TEX,"W,2-0",CG,4,4,1,3,0,0,1,1,0,0,0,0,0,0,0,0,0,0,0.306,0.407,0.664,1.072,2,0.68,0.144,0.07,0.01%,1.55,20,24.7,DH
2023,121,687,123,18-Aug,LAA,,TBR,"L,6-9",CG(10),5,5,2,2,0,0,1,4,0,0,3,0,0,0,0,0,0,0,0.308,0.407,0.668,1.075,2,2.26,0.128,0.25,0.01%,2.62,25,35.4,DH
2023,122,688,124,Aug 19 (1),LAA,,TBR,"W,7-6",CG,4,3,0,0,0,0,0,0,1,0,1,0,0,0,0,0,0,0,0.305,0.406,0.664,1.07,2,0.86,-0.036,0.08,0.00%,-0.26,2,3,DH
2023,123,689,125,Aug 19 (2),LAA,,TBR,"L,4-18",GS-9,4,3,1,1,1,0,0,0,1,0,0,0,0,0,0,0,0,0,0.306,0.407,0.664,1.07,2,0.45,-0.044,0.05,0.00%,1.08,9,12.2,DH
2023,124,690,126,22-Aug,LAA,,CIN,"L,3-4",CG,4,3,0,0,0,0,0,0,1,0,2,0,0,0,0,0,0,0,0.304,0.406,0.659,1.065,3,1.2,-0.097,0.06,0.00%,-0.4,2,3,DH
2023,125,691,127,Aug 23 (1),LAA,,CIN,"L,4-9",GS-3,1,1,1,1,0,0,1,2,0,0,0,0,0,0,0,0,0,0,0.305,0.407,0.667,1.073,2,1.39,0.147,0.04,0.00%,1.61,16,22.2,DH
2023,126,692,128,Aug 23 (2),LAA,,CIN,"L,3-7",CG,5,5,1,1,1,0,0,0,0,0,1,0,0,0,0,0,0,0,0.304,0.405,0.664,1.069,2,1.28,-0.045,0.02,0.00%,-0.4,7,9.2,DH
2023,127,693,129,25-Aug,LAA,@,NYM,"W,3-1",CG,5,2,1,1,1,0,0,0,3,1,0,0,0,0,0,0,0,0,0.305,0.408,0.665,1.074,2,0.9,0.146,0.01,0.00%,1.66,13,18.2,DH
2023,128,694,130,26-Aug,LAA,@,NYM,"W,5-3",CG,5,3,2,2,1,1,0,1,2,1,0,0,0,0,0,0,2,0,0.307,0.412,0.672,1.083,2,0.41,0.11,0.01,0.00%,1.69,33,42.9,DH
2023,129,695,131,27-Aug,LAA,@,NYM,"L,2-3",CG,4,4,0,0,0,0,0,0,0,0,2,0,0,0,0,0,0,0,0.305,0.409,0.666,1.075,2,1.17,-0.12,0.03,0.00%,-1.1,0,0,DH
2023,130,696,132,28-Aug,LAA,@,PHI,"L,4-6",CG,5,4,0,1,0,0,0,0,1,1,1,0,0,0,0,0,0,0,0.304,0.409,0.663,1.071,2,1.27,0.004,0.01,0.00%,0.32,5,6,DH
2023,131,697,133,29-Aug,LAA,@,PHI,"L,7-12",CG,5,5,0,3,1,0,0,2,0,0,0,0,0,0,0,0,0,1,0.307,0.41,0.664,1.074,2,1.05,0.088,0.01,0.00%,1.6,15,19,DH
2023,132,698,134,30-Aug,LAA,@,PHI,"W,10-8",CG,5,4,1,1,0,0,0,1,1,0,2,0,0,0,0,1,0,0,0.307,0.41,0.661,1.071,3,1.63,0.033,0,0.00%,0.31,9,12.7,DH
2023,133,699,135,1-Sep,LAA,@,OAK,"L,2-9",CG,4,3,1,1,1,0,0,0,1,0,0,0,0,0,0,0,0,0,0.307,0.411,0.661,1.072,3,0.78,-0.033,0,0.00%,0.2,9,12.2,DH
2023,134,700,136,2-Sep,LAA,@,OAK,"L,1-2",CG,5,2,0,0,0,0,0,0,3,2,0,0,0,0,0,0,0,0,0.306,0.413,0.658,1.07,2,2.51,0.014,0.01,0.00%,0.28,6,9,DH
2023,135,701,137,3-Sep,LAA,@,OAK,"L,6-10",CG,5,3,0,0,0,0,0,0,2,0,2,0,0,0,0,0,1,0,0.304,0.412,0.654,1.066,2,0.55,-0.006,0,0.00%,0.07,9,12,DH
